<section><title>Points</title>
<section id="abs.points.definition"><title>Definition</title>
<para><emphasis role="bold">Definition</emphasis>: Let <emphasis>IR</emphasis> be the set of all real numbers.
``<emphasis>Points</emphasis>'' are elements of <emphasis>IR</emphasis><superscript>3</superscript>. A ``point''
is thus defined by three elements of <emphasis>IR</emphasis>: its <emphasis>X</emphasis> attribute, its
<emphasis>Y</emphasis> attribute and its <emphasis>Z</emphasis> attribute, respectively.
</para>

<para> In C++ (and in computer science in general), however, there is no type that represents all <emphasis>IR</emphasis>, only
some subsets are provided, namely: <type>int</type>, <type>float</type>, <type>long double</type>...etc. You must choose among
them which is used to store the attributes of points.
</para>
<section><title> Properties </title>
<para> <xref linkend="tab_point_prop"/> presents the properties considered for the point abstraction. In the following,
<emphasis>pt</emphasis> refers to some element of <emphasis>IR</emphasis><superscript>3</superscript>,
<emphasis>X</emphasis>(<emphasis>pt</emphasis>) is the <emphasis>X</emphasis> property of <emphasis>pt</emphasis>,
<emphasis>Y</emphasis>(<emphasis>pt</emphasis>) is the <emphasis>Y</emphasis> property of <emphasis>pt</emphasis> and
<emphasis>Z</emphasis>(<emphasis>pt</emphasis>) is the <emphasis>Z</emphasis> property of <emphasis>pt</emphasis>. The column
``Associated Group'' gives the property group relatively to which a property is mutated.

<table frame="all" id="tab_point_prop"><title>Point Properties</title>
<tgroup cols="4" colsep="0" rowsep="4">
<thead>
<row>
  <entry>Name</entry>
  <entry>Type</entry>
  <entry>Semantic</entry>
  <entry>Associated group</entry>
</row>
</thead>
<tbody>
<row>
  <entry align="center"><function>x</function></entry>
  <entry align="center"><emphasis>IR</emphasis></entry>
  <entry><emphasis>X</emphasis>(<emphasis>pt</emphasis>)</entry>
  <entry>{ <function>x</function>, <function>y</function>, <function>z</function> } </entry>
</row>
<row>
  <entry align="center"><function>y</function></entry>
  <entry align="center"><emphasis>IR</emphasis></entry>
  <entry><emphasis>Y</emphasis>(<emphasis>pt</emphasis>)</entry>
    <entry>{ <function>x</function>, <function>y</function>, <function>z</function> } </entry>
</row>
<row>
  <entry align="center"><function>z</function></entry>
  <entry align="center"><emphasis>IR</emphasis></entry>
  <entry><emphasis>Z</emphasis>(<emphasis>pt</emphasis>)</entry>
    <entry>{ <function>x</function>, <function>y</function>, <function>z</function> } </entry>
</row>
<row>
  <entry align="center"><function>rho</function></entry>
  <entry align="center"><emphasis>IR</emphasis></entry>
  <entry><emphasis>sqrt</emphasis>(<emphasis>X</emphasis>(<emphasis>pt</emphasis>)<superscript>2</superscript> +
         <emphasis>Y</emphasis>(<emphasis>pt</emphasis>)<superscript>2</superscript> +
	 <emphasis>Z</emphasis>(<emphasis>pt</emphasis>)<superscript>2</superscript>)
  </entry>
    <entry>{ <function>rho</function>, <function>theta</function>, <function>phi</function> } </entry>
</row>
<row>
  <entry align="center"><function>theta</function></entry>
  <entry align="center"><emphasis>IR</emphasis></entry>
  <entry>The real number <emphasis>t</emphasis> such that:
  <itemizedlist>
  <listitem><para> -<emphasis>PI</emphasis> &lt t &le <emphasis>PI</emphasis>; </para></listitem>
  <listitem><para><emphasis>X</emphasis>(<emphasis>pt</emphasis>)=<emphasis>sqrt</emphasis>(<emphasis>X</emphasis>(<emphasis>pt</emphasis>)<superscript>2</superscript> + <emphasis>Y</emphasis>(<emphasis>pt</emphasis>)<superscript>2</superscript>) * cos(<emphasis>t</emphasis>);</para></listitem>
    <listitem><para><emphasis>Y</emphasis>(<emphasis>pt</emphasis>)=<emphasis>sqrt</emphasis>(<emphasis>X</emphasis>(<emphasis>pt</emphasis>)<superscript>2</superscript> + <emphasis>Y</emphasis>(<emphasis>pt</emphasis>)<superscript>2</superscript>) * sin(<emphasis>t</emphasis>).</para></listitem>
  </itemizedlist>
  </entry>
      <entry>{ <function>rho</function>, <function>theta</function>, <function>phi</function> } </entry>
</row>
<row>
  <entry align="center"><function>phi</function></entry>
  <entry align="center"><emphasis>IR</emphasis></entry>
  <entry>The real number <emphasis>p</emphasis> such that:
  <itemizedlist>
  <listitem><para> -<emphasis>PI/2</emphasis> &le t &le <emphasis>PI/2</emphasis>; </para></listitem>
  <listitem><para><emphasis>X</emphasis>(<emphasis>pt</emphasis>)=<function>rho</function>(<emphasis>pt</emphasis>) * cos(<function>theta</function>(<emphasis>pt</emphasis>)) * cos(<emphasis>p</emphasis>);</para></listitem>
    <listitem><para><emphasis>Y</emphasis>(<emphasis>pt</emphasis>)=<function>rho</function>(<emphasis>pt</emphasis>) * sin(<function>theta</function>(<emphasis>pt</emphasis>)) * cos(<emphasis>p</emphasis>);</para></listitem>
  <listitem><para><emphasis>Z</emphasis>(<emphasis>pt</emphasis>)=<function>rho</function>(<emphasis>pt</emphasis>) * sin(<emphasis>p</emphasis>);</para></listitem>
  </itemizedlist>
  </entry>
      <entry>{ <function>rho</function>, <function>theta</function>, <function>phi</function> } </entry>
</row>
</tbody>
</tgroup>
</table>
</para>
<para>
<xref linkend="fig_point_prop"/> illustrates the properties of the point abstraction.
<figure id="fig_point_prop"><title>Point Properties</title>
<graphic fileref="point_prop.png"/>
</figure>
</para>

</section> <!-- Properties -->

<section><title>Operations</title>
<para>
<xref linkend="tab_point_ops"/> summarizes the operations defined for
the point abstraction. The ``semantics'' part just
gives what its name suggests, the ``semantic of the operation'', not
its actual implementation. Do pay attention to the ``constness'' of the arguments.
</para>
<note><para>Even though function parameters are often named ``self''
(in place of ``this'', which is a reserved C++ keyword), the authors
do deny having any past experience with Smalltalk. The author's
comment about Smalltalk is : ``Nice, but too slow to be pratical''. </para>
</note>

<para>
<table frame="all" id="tab_point_ops"><title>Point Operations</title>
<tgroup cols="2" colsep="0" rowsep="4">
<thead>
<row>
  <entry>Signature</entry>
  <entry>Semantics</entry>
</row>
</thead>
<tbody>

<row>
  <entry align="center">void add(Point& self, const Point& other)</entry>
  <entry>
  <itemizedlist>
  <listitem><para> X(self) = X(self)+X(other) </para>
  </listitem>
  <listitem><para> Y(self) = Y(self)+Y(other) </para>
  </listitem>
  <listitem><para> Z(self) = Z(self)+Z(other) </para>
  </listitem>
  </itemizedlist>
  </entry>
 </row>

 <row>  
  <entry align="center">void sub(Point& self, const Point& other)</entry>
  <entry>
  <itemizedlist>
  <listitem><para> X(self) = X(self)-X(other) </para>
  </listitem>
  <listitem><para> Y(self) = Y(self)-Y(other) </para>
  </listitem>
  <listitem><para> Z(self) = Z(self)-Z(other) </para>
  </listitem>
  </itemizedlist>
  </entry>
</row>

<row>
   <entry align="center">bool equal(const Point& lhs, const Point& rhs)</entry>
     <entry>
        returns  X(lhs) == X(rhs) && Y(lhs)==Y(rhs) && Z(lhs)==Z(rhs)
	</entry>
</row>

 <row>  
  <entry align="center">void assign(Point& self, const Point& other)</entry>
  <entry>
  <itemizedlist>
  <listitem><para> X(self) = X(other) </para>
  </listitem>
  <listitem><para> Y(self) = Y(other) </para>
  </listitem>
  <listitem><para> Z(self) = Z(other) </para>
  </listitem>
  </itemizedlist>
  </entry>
</row>

 <row>  
  <entry align="center">void neg(Point& self)</entry>
  <entry>
  <itemizedlist>
  <listitem><para> X(self) = -X(self) </para>
  </listitem>
  <listitem><para> Y(self) = -Y(self) </para>
  </listitem>
  <listitem><para> Z(self) = -Z(self) </para>
  </listitem>
  </itemizedlist>
  </entry>
</row>

 <row>  
  <entry align="center">void mul(Point& self, BuiltIn b)</entry>
  <entry>
  <itemizedlist>
  <listitem><para> X(self) = X(self)*b </para>
  </listitem>
  <listitem><para> Y(self) = Y(self)*b </para>
  </listitem>
  <listitem><para> Z(self) = Z(self)*b </para>
  </listitem>
  </itemizedlist>
  </entry>
</row>

 <row>  
  <entry align="center">void div(Point& self, BuiltIn b)</entry>
  <entry>
  <itemizedlist>
  <listitem><para> X(self) = X(self)/b </para>
  </listitem>
  <listitem><para> Y(self) = Y(self)/b </para>
  </listitem>
  <listitem><para> Z(self) = Z(self)/b </para>
  </listitem>
  </itemizedlist>
  </entry>
</row>

</tbody>
</tgroup>
</table>
</para>

</section> <!-- Operations -->
</section> <!-- Definition -->
<section><title>Traits</title>
<section><title>Traits Class</title>
<para> The traits class corresponding to the point abstraction is
<classname>point_traits<></classname> and is defined in
&lt<filename>&dir;geom/point_traits.hpp</filename>&gt;. Its (general)
defintion is essentially a summary of <xref
linkend="abs.points.definition"/>, here is it for reference pupose:

<programlisting>template&lt;typename T&gt;
struct point_traits
{
	typedef T point_type;

	// This is the general definition, intended to be specialized ..
	static const bool is_specialized=false;

	// Properties (x, y, z, rho (magnitude), theta (phase angle),
	// phi (second phase angle) ..)


	struct x
	{
		// Dummy ..
		
		static const bool direct_access=false;
		
		typedef int value_type;
		typedef int ret_type;

		static ret_type get(const point_type&); // Never defined;
		static void     set(point_type&, int); // Never defined;

		static
		value_typ&     getset(point_type&); // Never defined;
	}

	struct y { /* Same as x */ };
	struct z { /* Same as x */ };
	struct rho { /* Same as x */ };
	struct theta { /* Same as x */ };
	struct phi { /* Same as x */ };
	
	// Operations (none of which is actually defined)
	
	template&lt;class Other&gt;
	static void add(point_type& self, const Other&);

	template&lt;class Other&gt;
	static void sub(point_type& self, const Other&);

	template&lt;class Other&gt;
	static bool equal(const point_type& self, const Other&);

	template&lt;class Other&gt;
	static void assign(point_type&, const Other&);
	
	static void neg(point_type& self);
	
	template&lt;class BuiltIn&gt;
	static void mul(point_type& self, BuiltIn);

	template&lt;class BuiltIn&gt;
	static void div(point_type& self, BuiltIn);	
};

</programlisting>
</para>
</section><!-- Traits class -->

<section><title>Implementation Extractor</title>
<para>
The implementation extractor for  the point abstraction is
<classname>point_impl<></classname>, and is defined in
&lt<filename>&dir;geom/point_traits.hpp</filename>&gt;.
<programlisting>template&lt;class  T&gt;
struct point_impl
{
	// Identity function
	typedef T type;
	
	static type& extract(T& t)
	{ return t; } // Identity function

	static const type& extract(const T& t)
	{ return t; } // Identity function
};
</programlisting>
</para>
</section> <!--- Implementation Extractor -->

<section> <title> Traits Generators </title>
<table><title>Provided Traits  Generators For The Point Abstraction</title>

<tgroup cols="3" colsep="0" rowsep="4">
<thead>
	<row>
	<entry>Identifier</entry>
	<entry>Header</entry>
	<entry>Template Parameter Description</entry>
	</row>
</thead>
<tbody>
	<row>
	<entry> <classname>point_xy_traits&lt;Host, XProp, YProp, FloatType&gt;</classname> </entry>
	<entry> &lt;<filename>&dir;geom/point_xy_traits.hpp</filename>&gt; </entry>
	<entry>
		<itemizedlist>
		<listitem><para><type>Host</type>: The implementation type you're willing to give point interface to.</para></listitem>
		<listitem><para><type>XProp</type>: <emphasis>Property specifier</emphasis> for the x property.</para></listitem>
		<listitem><para><type>YProp</type>: <emphasis>Property specifier</emphasis> for the y property.</para></listitem>
		<listitem><para><type>FloatType</type>: Default type to use for the RHO, THETA and PHI property.</para></listitem>
		</itemizedlist>

		Suitable for implementation types featuring fast access to their X and Y attributes. The Z attribute
		is reported to be always zero.
	</entry>
	</row>

	<row>
	<entry> <classname>point_xyz_traits&lt;Host, XProp, YProp, ZProp, FloatType&gt;</classname> </entry>
	<entry> &lt;<filename>&dir;geom/point_xyz_traits.hpp</filename>&gt; </entry>
	<entry>
		<itemizedlist>
		<listitem><para><type>Host</type>: The implementation type you're willing to give point interface to.</para></listitem>
		<listitem><para><type>XProp</type>: <emphasis>Property specifier</emphasis> for the x property.</para></listitem>
		<listitem><para><type>YProp</type>: <emphasis>Property specifier</emphasis> for the y property.</para></listitem>
		<listitem><para><type>ZProp</type>: <emphasis>Property specifier</emphasis> for the z property.</para></listitem>
		<listitem><para><type>FloatType</type>: Default type to use for the RHO, THETA and PHI property.</para></listitem>
		</itemizedlist>

		Suitable for implementation types featuring fast access to their X, Y and Z attributes.
	</entry>
	</row>
	
</tbody>
</tgroup>
</table>
</section> <!-- Traits Generators -->

</section> <!-- Traits -->

<section><title>Provided Implementations</title>
<para> In the folowing, when we say that type <type>U</type> is the floating point type ``deduced'' from
<type>T</type> we mean that :

<itemizedlist>
<listitem><para>If <type>T</type> is already a floating point type (<type>float</type>, <type>double</type> or
<type>long double</type>), then <type>U</type> <emphasis>is</emphasis> <type>T</type>.
</para></listitem>
<listitem><para> Otherwise (<type>T</type> isn't a floating point type), <type>U</type> is <type>double</type>.
</para></listitem>
</itemizedlist>

</para>
<table><title>Provided Implementations For The Point Abstraction</title>

<tgroup cols="3" colsep="0" rowsep="4">
<thead>
	<row>
	<entry>Identifier</entry>
	<entry>Header</entry>
	<entry>Description</entry>
	</row>
</thead>
<tbody>
	<row>
	<entry> <classname>point_xy&lt; T, U=deduced_from&lt;T&gt; &gt;</classname> </entry>
	<entry> &lt;<filename>&dir;geom/point_xy.hpp</filename>&gt; </entry>
	<entry>
		<itemizedlist>
		<listitem><para>Stores only its X and Y attributes, its Z is always zero.</para></listitem>
		<listitem><para><type>T</type> is the type of its X, Y and Z attribute.</para></listitem>
		<listitem><para><type>U</type> is the type of its RHO, THETA and PHI attribute.</para></listitem>
		</itemizedlist>
	</entry>
	</row>

	<row>
	<entry> <classname>point_xyz&lt; T, U=deduced_from&lt;T&gt; &gt;</classname> </entry>
	<entry> &lt;<filename>&dir;geom/point_xyz.hpp</filename>&gt; </entry>
	<entry>
		<itemizedlist>
		<listitem><para>Stores only its X, Y and Z attributes.</para></listitem>
		<listitem><para><type>T</type> is the type of its X, Y and Z attribute.</para></listitem>
		<listitem><para><type>U</type> is the type of its RHO, THETA and PHI attribute.</para></listitem>
		</itemizedlist>
	</entry>
	</row>

	 <row>
	<entry> <classname>std::complex&lt;&gt;</classname> </entry>
	<entry> &lt;<filename>&dir;geom/std_complex.hpp</filename>&gt; </entry>
	<entry>
	<classname>abs_traits</classname> is partially specilized to handle
	<classname>std::complex&gt;T&lt;</classname> as
	a point implementation (whose Z attribute is always zero).
		<itemizedlist> 
		<listitem><para>Type of its X, Y and Z attribute is the type <type>T</type> passed to
		<classname>std::complex&lt;&gt;</classname>.
				</para></listitem>
		<listitem><para>The type of its RHO, THETA and PHI attribute is  the type deduced from <type>T</type>.</para></listitem>
		</itemizedlist>
	</entry>
	</row>

</tbody>
</tgroup>
</table>


</section> <!--- Provided Implentations -->
<section><title>Wrappers</title>
<section><title>Wrapper class</title>
<para> The wrapper class corresponding to  the point abstraction is <classname>point<></classname> and
is declared in header &lt;<filename>&dir;geom/point.hpp</filename>&gt;. In <xref linkend="point-wrap-members"/>
<type>Impl</type> is the implementation type passed <classname>point<></classname>.
</para>
<table id="point-wrap-members"><title>Point Wrapper Members</title>
<tgroup cols="2" colsep="0" rowsep="4">
<thead>
	<row>
	<entry>Member</entry>
	<entry>Description</entry>
	</row>
</thead>
<tbody>
	<row>
	<entry> <function>point::point()</function> </entry>
	<entry>
	<itemizedlist><listitem><para>Default ctor that does nothing but calling <function>Impl::Impl()</function> (which
	presumably does nothing). </para></listitem></itemizedlist>
	</entry>
	</row>
	
	<row>
	<entry> <function>template&lt;class U&gt; point::point(const U&amp; u)</function> </entry>
	<entry>
	<itemizedlist><listitem><para>Copy ctor, expecting an instance of a type that have ``point interface''.
	</para></listitem></itemizedlist>
	</entry>
	</row>

	<row>
	<entry> <function>[const] Impl& point::impl() [const]</function> </entry>
	<entry>
	<itemizedlist><listitem><para>Extracts the implementation instance out of the wrapper.
	</para></listitem></itemizedlist>
	</entry>
	</row>

	<row>
	<entry> <emphasis>&lt;implentation defined&gt;</emphasis> <function>point::</function><emphasis>prop</emphasis>() </entry>
	<entry>
	<itemizedlist><listitem><para>Gives read and write access to <emphasis>prop</emphasis>. 
	</para></listitem>
	<listitem><para><emphasis>prop</emphasis> can be: <function>x</function>, <function>y</function>,
	<function>z</function>, <function>rho</function>, <function>theta</function> or <function>phi</function>.
	</para></listitem>
	</itemizedlist>
	</entry>
	</row>

	<row>
	<entry>
	<itemizedlist><listitem><para><function>point::operator+(const T&amp;)</function></para></listitem>
		      <listitem><para><function>point::operator+=(const T&amp;)</function></para></listitem>
	</itemizedlist>
	</entry>
	
	<entry>
	<itemizedlist><listitem><para>``Adds'' points using <function>point_traits&lt;Impl&gt;::add</function>.
	</para></listitem>
	<listitem><para> <type>T</type> must have point interface.
	</para></listitem>
	</itemizedlist>
	</entry>
	</row>

	<row>
	<entry>
	<itemizedlist><listitem><para><function>point::operator-(const T&amp;)</function></para></listitem>
		      <listitem><para><function>point::operator-=(const T&amp;)</function></para></listitem>
	</itemizedlist>
	</entry>
	
	<entry>
	<itemizedlist><listitem><para>``Subtracts'' points using <function>point_traits&lt;Impl&gt;::sub</function>.
	</para></listitem>
	<listitem><para> <type>T</type> must have point interface.
	</para></listitem>
	</itemizedlist>
	</entry>
	</row>


	<row>
	<entry>
	<itemizedlist><listitem><para><function>point::operator==(const T&amp;)</function></para></listitem>
		      <listitem><para><function>point::operator!=(const T&amp;)</function></para></listitem>
	</itemizedlist>
	</entry>
	
	<entry>
	<itemizedlist><listitem><para>``Compares'' points using <function>point_traits&lt;Impl&gt;::equal</function>.
	</para></listitem>
	<listitem><para> <type>T</type> must have point interface.
	</para></listitem>
	</itemizedlist>
	</entry>
	</row>

	<row>
	<entry>
	<function>point::operator=(const T&amp;)</function>
	</entry>
	
	<entry>
	<itemizedlist><listitem><para>``Assigns'' points using <function>point_traits&lt;Impl&gt;::assign</function>.
	</para></listitem>
	<listitem><para> <type>T</type> must have point interface.
	</para></listitem>
	</itemizedlist>
	</entry>
	</row>

	<row>
	<entry>
	<function>point::operator-() const</function>
	</entry>
	
	<entry>
	<itemizedlist><listitem><para> Unary negation that creates a copy of the point, apply 
	 <function>point_traits&lt;Impl&gt;::neg</function> and returns that.
	</para></listitem>
	</itemizedlist>
	</entry>
	</row>

	<row>
	<entry>
	<itemizedlist><listitem><para><function>point::operator*(BuiltIn)</function></para></listitem>
		      <listitem><para><function>point::operator*=(BuiltIn)</function></para></listitem>
	</itemizedlist>
	</entry>
	
	<entry>
	<itemizedlist><listitem><para>``Multiplies'' points with some built-in using <function>point_traits&lt;Impl&gt;::mul</function>
	operation.
	</para></listitem>
	<listitem><para> <type>BuiltIn</type> is assumed to be somekind of built-in type.
	</para></listitem>
	</itemizedlist>
	</entry>
	</row>

	<row>
	<entry>
	<itemizedlist><listitem><para><function>point::operator/(BuiltIn)</function></para></listitem>
	      <listitem><para><function>point::operator/=(BuiltIn)</function></para></listitem>
	</itemizedlist>
	</entry>
	
	<entry>
	<itemizedlist><listitem><para>``Divides'' points with some built-in using <function>point_traits&lt;Impl&gt;::div</function>
	operation.
	</para></listitem>
	<listitem><para> <type>BuiltIn</type> is assumed to be somekind of built-in type.
	</para></listitem>
	</itemizedlist>
	</entry>
	</row>

</tbody>
</tgroup>
</table>

<para> Since <classname>point<></classname> is a warpper around the implantation type you pass to it, the implementation
extractor <classname>point_impl<></classname> is partially specialized to extract implementation informations (types and objects)
out of their <classname>point<></classname>. As a consequence, for any type <type>T</type> that has point interface,
<classname>point&lt;T&gt;</classname> also has point interface.
</para>

</section><!-- Wrapper class -->
<section><title>Function Wrapper</title>
<para> The function wrapper of the point abstraction is <function>point_wrap()</function> and is declared
in header &lt;<filename>&dir;geom/point.hpp</filename>&gt;.
</para>
</section><!-- function wrapper -->
</section><!-- Wrappers -->
</section> <!-- Points -->
