<section><title>Boxes</title>
<section id="abs.boxes.definition"><title>Definition</title>
<para><emphasis role="bold">Definition</emphasis>: Let <emphasis>IR</emphasis> be the set of all real numbers.
Let <emphasis>Xmin</emphasis>, <emphasis>Xmax</emphasis>, <emphasis>Ymin</emphasis>, <emphasis>Ymax</emphasis>,
<emphasis>Zmin</emphasis> and <emphasis>Zmax</emphasis> be elements of <emphasis>IR</emphasis>, the
<emphasis>box</emphasis> defined by them is the set of points <emphasis>(x, y, z)</emphasis> in
<emphasis>IR</emphasis><superscript>3</superscript> such that:
<itemizedlist>
<listitem><para><emphasis>Xmin</emphasis> &le; <emphasis>x</emphasis> &le; <emphasis>Xmax</emphasis> </para></listitem>
<listitem><para><emphasis>Ymin</emphasis> &le; <emphasis>y</emphasis> &le; <emphasis>Ymax</emphasis> </para></listitem>
<listitem><para><emphasis>Zmin</emphasis> &le; <emphasis>z</emphasis> &le; <emphasis>Zmax</emphasis> </para></listitem>
</itemizedlist>
If no such point exists the box is said to be ``<emphasis>invalid</emphasis>''.
</para>

<para> In C++ (and in computer science in general), however, there is no type that represent all <emphasis>IR</emphasis>, only
some subsets are provided, namely: <type>int</type>, <type>float</type>, <type>long double</type>...etc. You must choose among
them which is used to store the attributes of boxes.
</para>

<section><title> Properties </title>
<para> <xref linkend="tab_box_prop"/> presents the properties considered for the box abstraction. In the following,
<emphasis>bx</emphasis> refers to a box,
<emphasis>Xmin</emphasis>(<emphasis>bx</emphasis>) is the <emphasis>Xmin</emphasis> property of <emphasis>bx</emphasis>,
<emphasis>Xmax</emphasis>(<emphasis>bx</emphasis>) is the <emphasis>Xmax</emphasis> property of <emphasis>bx</emphasis>,
<emphasis>Ymin</emphasis>(<emphasis>bx</emphasis>) is the <emphasis>Ymin</emphasis> property of <emphasis>bx</emphasis>,
<emphasis>Ymax</emphasis>(<emphasis>bx</emphasis>) is the <emphasis>Ymax</emphasis> property of <emphasis>bx</emphasis>,
<emphasis>Zmin</emphasis>(<emphasis>bx</emphasis>) is the <emphasis>Zmin</emphasis> property of <emphasis>bx</emphasis>,
and <emphasis>Zmax</emphasis>(<emphasis>bx</emphasis>) is the <emphasis>Zmax</emphasis> property of <emphasis>bx</emphasis>.
</para>
<para>
The column ``Associated Group'' gives the property group relatively to which a property is mutated.
</para>

<table frame="all" id="tab_box_prop"><title>Box Properties</title>
<tgroup cols="4" colsep="0" rowsep="4">
<thead>
<row>
  <entry>Name</entry>
  <entry>Type</entry>
  <entry>Semantic</entry>
  <entry>Associated group</entry>
</row>
</thead>
<tbody>
<row>
  <entry align="center"><function>xmin</function></entry>
  <entry align="center"><emphasis>IR</emphasis></entry>
  <entry><emphasis>Xmin</emphasis>(<emphasis>bx</emphasis>)</entry>
  <entry>G<subscript>1</subscript>={ <function>xmin</function>, <function>xmax</function>,
  	   <function>ymin</function>, <function>ymax</function>,
	   <function>zmin</function>, <function>zmax</function>
  }
  </entry>
</row>
<row>
  <entry align="center"><function>xmax</function></entry>
  <entry align="center"><emphasis>IR</emphasis></entry>
  <entry><emphasis>Xmax</emphasis>(<emphasis>bx</emphasis>)</entry>
  <entry>G<subscript>1</subscript>={ <function>xmin</function>, <function>xmax</function>,
  	   <function>ymin</function>, <function>ymax</function>,
	   <function>zmin</function>, <function>zmax</function>
  }
  </entry>
</row>
<row>
  <entry align="center"><function>ymin</function></entry>
  <entry align="center"><emphasis>IR</emphasis></entry>
  <entry><emphasis>Ymin</emphasis>(<emphasis>bx</emphasis>)</entry>
  <entry>G<subscript>1</subscript>={ <function>xmin</function>, <function>xmax</function>,
  	   <function>ymin</function>, <function>ymax</function>,
	   <function>zmin</function>, <function>zmax</function>
  }
  </entry>
</row>
<row>
  <entry align="center"><function>ymax</function></entry>
  <entry align="center"><emphasis>IR</emphasis></entry>
  <entry><emphasis>Ymax</emphasis>(<emphasis>bx</emphasis>)</entry>
  <entry>G<subscript>1</subscript>={ <function>xmin</function>, <function>xmax</function>,
  	   <function>ymin</function>, <function>ymax</function>,
	   <function>zmin</function>, <function>zmax</function>
  }
  </entry>
</row>
<row>
  <entry align="center"><function>zmin</function></entry>
  <entry align="center"><emphasis>IR</emphasis></entry>
  <entry><emphasis>Zmin</emphasis>(<emphasis>bx</emphasis>)</entry>
  <entry>G<subscript>1</subscript>={ <function>xmin</function>, <function>xmax</function>,
  	   <function>ymin</function>, <function>ymax</function>,
	   <function>zmin</function>, <function>zmax</function>
  }
  </entry>
</row>
<row>
  <entry align="center"><function>zmax</function></entry>
  <entry align="center"><emphasis>IR</emphasis></entry>
  <entry><emphasis>Zmax</emphasis>(<emphasis>bx</emphasis>)</entry>
  <entry>G<subscript>1</subscript>={ <function>xmin</function>, <function>xmax</function>,
  	   <function>ymin</function>, <function>ymax</function>,
	   <function>zmin</function>, <function>zmax</function>
  }
  </entry>
</row>
<row>
  <entry align="center"><function>x1</function></entry>
  <entry align="center"><emphasis>IR</emphasis></entry>
  <entry><emphasis>Xmin</emphasis>(<emphasis>bx</emphasis>)</entry>
  <entry>G<subscript>2</subscript>={ <function>x1</function>, <function>width</function>,
  	   <function>y1</function>, <function>height</function>,
	   <function>z1</function>, <function>depth</function>
  }
  </entry>
</row>

<row>
  <entry align="center"><function>x2</function></entry>
  <entry align="center"><emphasis>IR</emphasis></entry>
  <entry><emphasis>Xmax</emphasis>(<emphasis>bx</emphasis>)</entry>
  <entry>G<subscript>2</subscript>'={ <function>x2</function>, <function>width</function>,
  	   <function>y2</function>, <function>height</function>,
	   <function>z2</function>, <function>depth</function>
  }
  </entry>
</row>

<row>
  <entry align="center"><function>y1</function></entry>
  <entry align="center"><emphasis>IR</emphasis></entry>
  <entry><emphasis>Ymin</emphasis>(<emphasis>bx</emphasis>)</entry>
  <entry>G<subscript>2</subscript>={ <function>x1</function>, <function>width</function>,
  	   <function>y1</function>, <function>height</function>,
	   <function>z1</function>, <function>depth</function>
  }
  </entry>
</row>

<row>
  <entry align="center"><function>y2</function></entry>
  <entry align="center"><emphasis>IR</emphasis></entry>
  <entry><emphasis>Ymax</emphasis>(<emphasis>bx</emphasis>)</entry>
  <entry>G<subscript>2</subscript>'={ <function>x2</function>, <function>width</function>,
  	   <function>y2</function>, <function>height</function>,
	   <function>z2</function>, <function>depth</function>
  }
  </entry>
</row>

<row>
  <entry align="center"><function>z1</function></entry>
  <entry align="center"><emphasis>IR</emphasis></entry>
  <entry><emphasis>Zmin</emphasis>(<emphasis>bx</emphasis>)</entry>
  <entry>G<subscript>2</subscript>={ <function>x1</function>, <function>width</function>,
  	   <function>y1</function>, <function>height</function>,
	   <function>z1</function>, <function>depth</function>
  }
  </entry>
</row>

<row>
  <entry align="center"><function>z2</function></entry>
  <entry align="center"><emphasis>IR</emphasis></entry>
  <entry><emphasis>Zmax</emphasis>(<emphasis>bx</emphasis>)</entry>
  <entry>G<subscript>2</subscript>'={ <function>x2</function>, <function>width</function>,
  	   <function>y2</function>, <function>height</function>,
	   <function>z2</function>, <function>depth</function>
  }
  </entry>
</row>

<row>
  <entry align="center"><function>width</function></entry>
  <entry align="center"><emphasis>IR</emphasis></entry>
  <entry><emphasis>Xmax</emphasis>(<emphasis>bx</emphasis>)-<emphasis>Xmax</emphasis>(<emphasis>bx</emphasis>)+1</entry>
  <entry>G<subscript>2</subscript>={ <function>x1</function>, <function>width</function>,
  	   <function>y1</function>, <function>height</function>,
	   <function>z1</function>, <function>depth</function>
  }
  </entry>
</row>

<row>
  <entry align="center"><function>height</function></entry>
  <entry align="center"><emphasis>IR</emphasis></entry>
  <entry><emphasis>Ymax</emphasis>(<emphasis>bx</emphasis>)-<emphasis>Ymax</emphasis>(<emphasis>bx</emphasis>)+1</entry>
  <entry>G<subscript>2</subscript>={ <function>x1</function>, <function>width</function>,
  	   <function>y1</function>, <function>height</function>,
	   <function>z1</function>, <function>depth</function>
  }
  </entry>
</row>

<row>
  <entry align="center"><function>depth</function></entry>
  <entry align="center"><emphasis>IR</emphasis></entry>
  <entry><emphasis>Zmax</emphasis>(<emphasis>bx</emphasis>)-<emphasis>Zmax</emphasis>(<emphasis>bx</emphasis>)+1</entry>
  <entry>G<subscript>2</subscript>={ <function>x1</function>, <function>width</function>,
  	   <function>y1</function>, <function>height</function>,
	   <function>z1</function>, <function>depth</function>
  }
  </entry>
</row>
</tbody>
</tgroup>
</table>
<para>
As <xref linkend="tab_box_prop"/> shows, some properties differ only with respect to their associated group.
For example <function>xmin</function> has always the same value as <function>x1</function>, but modifying
the <function>xmin</function> is done relatively to the group {<function>xmin</function>, <function>xmax</function>,
<function>ymin</function>, <function>ymax</function>, <function>zmin</function>, <function>zmax</function>}, while
modifying <function>x1</function> is done relatively to {<function>x1</function>, <function>y1</function>,
<function>z1</function>, <function>width</function>, <function>height</function>, <function>depth</function>}.
Practically speaking, this implies that modifying <function>xmin</function>  ``<emphasis>stretches</emphasis>'' the box,
while modifying <function>x1</function> rather ``moves'' the box, without changing its size. The same applies
for <function>xmax</function> and <function>x2</function>, and for the other dimentions (Y and Z).
</para>

<para>
<xref linkend="fig_box_prop"/> illustrates the properties of the box abstraction,
while <xref linkend="fig_box_special"/> shows some pratical incarnation of them with explicit numeric values.
</para>

<figure id="fig_box_prop"><title>Box Properties</title>
<graphic fileref="box_prop.png"/>
</figure>

<figure id="fig_box_special"><title>Box Properties (with explicit numerical values)</title>
<graphic fileref="box_special.png"/>
</figure>


</section> <!-- Properties -->

<section><title>Operations</title>
<para>
<xref linkend="tab_box_ops"/> summarizes the operations defined for
the box abstraction. The ``semantics'' part just
gives what its name suggests, the ``semantic of the operation'', not
its actual implementation. Do pay attention to the ``constness'' of the arguments.
</para>

<para>
<table frame="all" id="tab_box_ops"><title>Box Operations</title>
<tgroup cols="2" colsep="0" rowsep="4">
<thead>
<row>
  <entry>Signature</entry>
  <entry>Semantics</entry>
</row>
</thead>
<tbody>

<row>
  <entry align="center">void add(Box& self, const Point& pt)</entry>
  <entry>
  Displaces the box by a factor specified in <emphasis>pt</emphasis>.
  <itemizedlist>
  <listitem><para> Xmin(self) = Xmin(self)+X(pt) </para>
  </listitem>
  <listitem><para> Ymin(self) = Ymin(self)+Y(pt) </para>
  </listitem>
  <listitem><para> Zmin(self) = Zmin(self)+Z(pt) </para>
  </listitem>
  <listitem><para> Xmax(self) = Xmax(self)+X(pt) </para>
  </listitem>
  <listitem><para> Ymax(self) = Ymax(self)+Y(pt) </para>
  </listitem>
  <listitem><para> Zmax(self) = Zmax(self)+Z(pt) </para>
  </listitem>
  </itemizedlist>
  </entry>
 </row>

<row>
  <entry align="center">void sub(Box& self, const Point& pt)</entry>
  <entry>
  Displaces the box by a factor specified in <emphasis>pt</emphasis>.
  <type>Point</type> must have ``point interface''.
  <itemizedlist>
  <listitem><para> Xmin(self) = Xmin(self)-X(pt) </para>
  </listitem>
  <listitem><para> Ymin(self) = Ymin(self)-Y(pt) </para>
  </listitem>
  <listitem><para> Zmin(self) = Zmin(self)-Z(pt) </para>
  </listitem>
  <listitem><para> Xmax(self) = Xmax(self)-X(pt) </para>
  </listitem>
  <listitem><para> Ymax(self) = Ymax(self)-Y(pt) </para>
  </listitem>
  <listitem><para> Zmax(self) = Zmax(self)-Z(pt) </para>
  </listitem>
  </itemizedlist>
  </entry>
 </row>
 
 <row>  
  <entry align="center">void or_op(Box& self, const Box& other)</entry>
  <entry>
  Computes the <emphasis>smallest</emphasis> box that contains <emphasis>self</emphasis>
  and <emphasis>other</emphasis>. 
  <itemizedlist>
  <listitem><para> Xmin(self) = min(Xmin(self), Xmin(other)) </para>
  </listitem>
  <listitem><para> Ymin(self) = min(Ymin(self), Ymin(other)) </para>
  </listitem>
  <listitem><para> Zmin(self) = min(Zmin(self), Zmin(other)) </para>
  </listitem>
  <listitem><para> Xmax(self) = max(Xmax(self), Xmax(other)) </para>
  </listitem>
  <listitem><para> Ymax(self) = max(Ymax(self), Ymax(other)) </para>
  </listitem>
  <listitem><para> Zmax(self) = max(Zmax(self), Zmax(other)) </para>
  </listitem>
  </itemizedlist>
  </entry>
</row>

 <row>  
  <entry align="center">void and_op(Box& self, const Box& other)</entry>
  <entry>
  Computes the <emphasis>biggest</emphasis> box that is contained within <emphasis>self</emphasis>
  and <emphasis>other</emphasis>. If there is no such box this results
  in an ``invalid'' box.
  <itemizedlist>
  <listitem><para> Xmin(self) = max(Xmin(self), Xmin(other)) </para>
  </listitem>
  <listitem><para> Ymin(self) = max(Ymin(self), Ymin(other)) </para>
  </listitem>
  <listitem><para> Zmin(self) = max(Zmin(self), Zmin(other)) </para>
  </listitem>
  <listitem><para> Xmax(self) = min(Xmax(self), Xmax(other)) </para>
  </listitem>
  <listitem><para> Ymax(self) = min(Ymax(self), Ymax(other)) </para>
  </listitem>
  <listitem><para> Zmax(self) = min(Zmax(self), Zmax(other)) </para>
  </listitem>
  </itemizedlist>
  </entry>
</row>

 <row>  
  <entry align="center">void assign(Box& self, const Box& other)</entry>
  <entry>
  <itemizedlist>
  <listitem><para> Xmin(self) = Xmin(other) </para>
  </listitem>
  <listitem><para> Xmax(self) = Xmax(other) </para>
  </listitem>
  <listitem><para> Ymin(self) = Ymin(other) </para>
  </listitem>
  <listitem><para> Ymax(self) = Ymax(other) </para>
  </listitem>
  <listitem><para> Zmin(self) = Zmin(other) </para>
  </listitem>
  <listitem><para> Zmax(self) = Zmax(other) </para>
  </listitem>
  </itemizedlist>
  </entry>
</row>

<row>
   <entry align="center">bool equal(const Box& lhs, const Box& rhs)</entry>
     <entry>
        returns  Xmin(lhs) == Xmin(rhs) && Ymin(lhs)==Ymin(rhs) && Zmin(lhs)==Zmin(rhs)
	  Xmax(lhs) == Xmax(rhs) && Ymax(lhs)==Ymax(rhs) && Zmax(lhs)==Zmax(rhs)
	</entry>
</row>

<row>
   <entry align="center">bool valid(const Box& bx)</entry>
     <entry>
        returns  Xmin(bx)&le;Xmax(bx) && Ymin(bx)&le;Ymax(bx) && Zmin(bx)&le;Zmax(bx)
     </entry>
</row>

</tbody>
</tgroup>
</table>
</para>

</section> <!-- Operations -->
</section> <!-- Definition -->
<section><title>Traits</title>
<section><title>Traits Class</title>
<para> The traits class corresponding to the box abstraction is
<classname>box_traits<></classname> and is defined in
&lt<filename>&dir;geom/box_traits.hpp</filename>&gt;. Its (general)
defintion is essentially a summary of <xref
linkend="abs.boxes.definition"/>, here is it for reference pupose:

<programlisting>template&lt;typename T&gt;
struct box_traits
{
	typedef T box_type;

	// This is the general definition, intended to be specialized ..
	static const bool is_specialized=false;

	// Properties (xmin, ymin, zmin, ... etc
	
	struct x1
	{
		// Dummy ..
		
		static const bool direct_access=false;
		
		typedef int value_type;
		typedef int ret_type;

		static ret_type get(const box_type&); // Never defined;
		static void     set(box_type&, int); // Never defined;

		static
		value_typ&     getset(box_type&); // Never defined;
	}

	struct x2 { /* Same as x1 */ };
	struct y1 { /* Same as x1 */ };
	struct y2 { /* Same as x1 */ };
	struct z1 { /* Same as x1 */ };
	struct z2 { /* Same as x1 */ };
	struct xmin { /* Same as x1 */ };
	struct xmax { /* Same as x1 */ };
	struct ymin { /* Same as x1 */ };
	struct ymax { /* Same as x1 */ };
	struct zmin { /* Same as x1 */ };
	struct zmax { /* Same as x1 */ };
	struct width { /* Same as x1 */ };
	struct height { /* Same as x1 */ };
	struct depth { /* Same as x1 */ };
	
	// Operations (none of which is actually defined)
	
	template&lt;class Point&gt;
	static void add(box_type& self, const Point&);

	template&lt;class Point&gt;
	static void sub(box_type& self, const Point&);

	template&lt;class Other&gt;
	static bool equal(const box_type& self, const Other&);

	template&lt;class Other&gt;
	static void assign(box_type&, const Other&);

	template&lt;class Other&gt;
	static void and_op(box_type& self, const Other&);

	template&lt;class Other&gt;
	static void or_op(box_type& self, const Other&);

	static bool valid(box_type& self);
};

</programlisting>
</para>
</section><!-- Traits class -->

<section><title>Implementation Extractor</title>
<para>
The implementation extractor for  the box abstraction is
<classname>box_impl<></classname>, and is defined in
&lt<filename>&dir;geom/box_traits.hpp</filename>&gt;.
<programlisting>template&lt;class  T&gt;
struct box_impl
{
	// Identity function
	typedef T type;
	
	static type& extract(T& t)
	{ return t; } // Identity function

	static const type& extract(const T& t)
	{ return t; } // Identity function
};
</programlisting>
</para>
</section> <!--- Implementation Extractor -->

<section> <title> Traits Generators </title>
<table><title>Provided Traits  Generators For The Box Abstraction</title>

<tgroup cols="3" colsep="0" rowsep="4">
<thead>
	<row>
	<entry>Identifier</entry>
	<entry>Header</entry>
	<entry>Template Parameter Description</entry>
	</row>
</thead>
<tbody>
	<row>
	<entry> <classname>box_lrtb_traits&lt;Host, Xmin, Xmax, Ymin, Ymax&gt;</classname> </entry>
	<entry> &lt;<filename>&dir;geom/box_lrtb_traits.hpp</filename>&gt; </entry>
	<entry>
		<itemizedlist>
		<listitem><para><type>Host</type>: The implementation type you're willing to give box interface to.</para></listitem>
		<listitem><para><type>Xmin</type>: <emphasis>Property specifier</emphasis> for the
			<function>xmin</function> property.</para></listitem>
		<listitem><para><type>Xmax</type>: <emphasis>Property specifier</emphasis> for the
			<function>xmax</function> property.</para></listitem>
		<listitem><para><type>Ymin</type>: <emphasis>Property specifier</emphasis> for the
			<function>ymin</function> property.</para></listitem>
		<listitem><para><type>Ymax</type>: <emphasis>Property specifier</emphasis> for the
			<function>ymax</function> property.</para></listitem>

		<listitem><para>Creates a specilization of <classname>box_traits</classname> whose <function>zmin</function>
		and <function>zmax</function> are fixed to zero, and (thus) whose <function>depth</function> is
		fixed to one.</para></listitem>

		<listitem><para>The type used for the other properties (other then the ones you provided
		property specifiers for) is (conventionally) <type>Xmin::value_type</type></para></listitem>

		</itemizedlist>

	</entry>
	</row>
	
</tbody>
</tgroup>
</table>
</section> <!-- Traits Generators -->

</section> <!-- Traits -->

<section><title>Provided Implementations</title>
<table><title>Provided Implementations For The Box Abstraction</title>

<tgroup cols="3" colsep="0" rowsep="4">
<thead>
	<row>
	<entry>Identifier</entry>
	<entry>Header</entry>
	<entry>Description</entry>
	</row>
</thead>
<tbody>
	<row>
	<entry> <classname>box_xywh&lt;class T&gt;</classname> </entry>
	<entry> &lt;<filename>&dir;geom/box_xywh.hpp</filename>&gt; </entry>
	<entry>
		<itemizedlist>
		<listitem><para>Stores only its <function>x1</function>,
		<function>y1</function>, <function>width</function> and <function>height</function>
		attributes, its <function>z1</function> and <function>z2</function> are always zero.</para></listitem>
		<listitem><para><type>T</type> is the type of all the properties.</para></listitem>
		</itemizedlist>
	</entry>
	</row>

	<row>
	<entry> <classname>box_lrtb&lt;class T&gt;</classname> </entry>
	<entry> &lt;<filename>&dir;geom/box_lrtb.hpp</filename>&gt; </entry>
	<entry>
		<itemizedlist>
		<listitem><para>Stores only its <function>xmin</function>,
		<function>xmax</function>, <function>ymin</function> and <function>ymax</function>
		attributes, its <function>zmin</function> and <function>zmax</function> are always zero.</para></listitem>
		<listitem><para><type>T</type> is the type of all the properties.</para></listitem>
		</itemizedlist>
	</entry>
	</row>

</tbody>
</tgroup>
</table>


</section> <!--- Provided Implentations -->
<section><title>Wrappers</title>
<section><title>Wrapper class</title>
<para> The wrapper class corresponding to  the box abstraction is <classname>box<></classname> and
is declared in header &lt;<filename>&dir;geom/box.hpp</filename>&gt;. In <xref linkend="box-wrap-members"/>
<type>Impl</type> is the implementation type passed <classname>box<></classname>.
</para>
<table id="box-wrap-members"><title>Box Wrapper Members</title>
<tgroup cols="2" colsep="0" rowsep="4">
<thead>
	<row>
	<entry>Member</entry>
	<entry>Description</entry>
	</row>
</thead>
<tbody>
	<row>
	<entry> <function>box::box()</function> </entry>
	<entry>
	<itemizedlist><listitem><para>Default ctor that does nothing but calling <function>Impl::Impl()</function> (which
	presumably does nothing). </para></listitem></itemizedlist>
	</entry>
	</row>
	
	<row>
	<entry> <function>template&lt;class U&gt; box::box(const U&amp; u)</function> </entry>
	<entry>
	<itemizedlist><listitem><para>Copy ctor, expecting an instance of a type that have ``box interface''.
	</para></listitem></itemizedlist>
	</entry>
	</row>

	<row>
	<entry> <function>[const] Impl& box::impl() [const]</function> </entry>
	<entry>
	<itemizedlist><listitem><para>Extracts the implementation instance out of the wrapper.
	</para></listitem></itemizedlist>
	</entry>
	</row>

	<row>
	<entry> <emphasis>&lt;implentation defined&gt;</emphasis> <function>box::</function><emphasis>prop</emphasis>() </entry>
	<entry>
	<itemizedlist><listitem><para>Gives read and write access to <emphasis>prop</emphasis>. 
	</para></listitem>
	<listitem><para><emphasis>prop</emphasis> can be: <function>xmin</function>, <function>xmax</function>,
	<function>ymin</function>, <function>ymax</function>, <function>zmin</function>, <function>zmax</function>
	<function>width</function>, <function>height</function>, <function>depth</function>.
	</para></listitem>
	</itemizedlist>
	</entry>
	</row>

	<row>
	<entry>
	<itemizedlist><listitem><para><function>box::operator+(const T&amp;)</function></para></listitem>
		      <listitem><para><function>box::operator+=(const T&amp;)</function></para></listitem>
	</itemizedlist>
	</entry>
	
	<entry>
	<itemizedlist><listitem><para>``Adds'' points to  boxes using <function>box_traits&lt;Impl&gt;::add</function>.
	</para></listitem>
	<listitem><para> <type>T</type> must have point interface.
	</para></listitem>
	</itemizedlist>
	</entry>
	</row>

	<row>
	<entry>
	<itemizedlist><listitem><para><function>box::operator-(const T&amp;)</function></para></listitem>
		      <listitem><para><function>box::operator-=(const T&amp;)</function></para></listitem>
	</itemizedlist>
	</entry>

	<entry>
	<itemizedlist><listitem><para>``Subtracts'' points from boxes using <function>box_traits&lt;Impl&gt;::sub</function>.
	</para></listitem>
	<listitem><para> <type>T</type> must have point interface.
	</para></listitem>
	</itemizedlist>
	</entry>
	</row>

	<row>
	<entry>
	<itemizedlist><listitem><para><function>box::operator&(const T&amp;)</function></para></listitem>
		      <listitem><para><function>box::operator&=(const T&amp;)</function></para></listitem>
	</itemizedlist>
	</entry>

	<entry>
	<itemizedlist><listitem><para>``ANDs'' boxes using <function>box_traits&lt;Impl&gt;::and_op</function>.
	</para></listitem>
	<listitem><para> <type>T</type> must have box interface.
	</para></listitem>
	</itemizedlist>
	</entry>
	</row>

	<row>
	<entry>
	<itemizedlist><listitem><para><function>box::operator|(const T&amp;)</function></para></listitem>
		      <listitem><para><function>box::operator|=(const T&amp;)</function></para></listitem>
	</itemizedlist>
	</entry>

	<entry>
	<itemizedlist><listitem><para>``ORs'' boxes using <function>box_traits&lt;Impl&gt;::or_op</function>.
	</para></listitem>
	<listitem><para> <type>T</type> must have box interface.
	</para></listitem>
	</itemizedlist>
	</entry>
	</row>

	<row>
	<entry>
	<itemizedlist><listitem><para><function>box::operator==(const T&amp;)</function></para></listitem>
		      <listitem><para><function>box::operator!=(const T&amp;)</function></para></listitem>
	</itemizedlist>
	</entry>
	
	<entry>
	<itemizedlist><listitem><para>``Compares'' boxes using <function>box_traits&lt;Impl&gt;::equal</function>.
	</para></listitem>
	<listitem><para> <type>T</type> must have box interface.
	</para></listitem>
	</itemizedlist>
	</entry>
	</row>

	<row>
	<entry>
	<function>box::operator=(const T&amp;)</function>
	</entry>
	
	<entry>
	<itemizedlist><listitem><para>``Assigns'' boxes using <function>box_traits&lt;Impl&gt;::assign</function>.
	</para></listitem>
	<listitem><para> <type>T</type> must have box interface.
	</para></listitem>
	</itemizedlist>
	</entry>
	</row>

	<row>
	<entry>
	
	<function>point<[implementation_defined]>& box::corner< [x_corner_spec], [y_corner_spec],
	[z_corner_spec] > () </function>
	</entry>
	
	<entry>
	Corner access. Returns a geom::point<> that ``stands for'' one of the corners of the box.
	The corner specifiers tell which corner you want access to.
	<itemizedlist>
	<listitem><para><function>x_corner_spec</function> can be one of the following symbolic constants:
	<function>geom::x1</function>, <function>geom::x2</function>,
	<function>geom::xmin</function>, <function>geom::xmax</function>
	</para></listitem>

	<listitem><para><function>y_corner_spec</function> can be one of the following symbolic constants:
	<function>geom::y1</function>, <function>geom::x2</function>,
	<function>geom::ymin</function>, <function>geom::ymax</function>
	</para></listitem>

	<listitem><para><function>z_corner_spec</function> can be one of the following symbolic constants:
	<function>geom::z1</function>, <function>geom::z2</function>,
	<function>geom::zmin</function>, <function>geom::zmax</function>
	</para></listitem>
	</itemizedlist>

	The returned object will stand for the corner specified, i.e accessing the X attribute (read and write)
	of the point returned will access the corresponding box property that is specified by <function>x_corner_spec</function>.
	Likewise for the Y and Z properties and the <function>y_corner_spec</function> and <function>z_corner_spec</function>
	corner specifiers.

	The <function>z_corner_spec</function> may be omitted in one of the following cases:
	<itemizedlist>
	<listitem><para><function>x_corner_spec</function> is <function>xmin</function> or
	<function>xmax</function> and <function>y_corner_spec</function> is <function>ymin</function> or
	<function>ymax</function>. In this case <function>z_corner_spec</function> takes
	<function>zmin</function> as a default value.
	</para></listitem>
	<listitem><para><function>x_corner_spec</function> is <function>x1</function> or
	<function>x2</function> and <function>y_corner_spec</function> is <function>y1</function> or
	<function>y2</function>. In this case <function>z_corner_spec</function> takes
	<function>z1</function> as a default value.
	</para></listitem>
	</itemizedlist>

	</entry>
	</row>

	<row>
	<entry>
	<function>point<[impl_defined]>&  box::center()</function>
	</entry>
	<entry>
	Center access. Returns a <classname>geom::point<></classname> that ``stands for'' the center of the box.
	Modifying the center of a box means <emphasis>moving</emphasis> the box so that its center is where you want it,
	this operation cannot change the size of the box.
	</entry>
	</row>
</tbody>
</tgroup>
</table>

<para> Since <classname>box<></classname> is a warpper around the implantation type you pass to it, the implementation
extractor <classname>box_impl<></classname> is partially specialized to extract implementation informations (types and objects)
out of their <classname>box<></classname>. As a consequence, for any type <type>T</type> that has box interface,
<classname>box&lt;T&gt;</classname> also has box interface.
</para>

</section><!-- Wrapper class -->
<section><title>Function Wrapper</title>
<para> The function wrapper of the box abstraction is <function>box_wrap()</function> and is declared
in header &lt;<filename>&dir;geom/box.hpp</filename>&gt;.
</para>
</section><!-- function wrapper -->
</section><!-- Wrappers -->
</section> <!-- Boxes -->
