<?xml version="1.0" ?>

<chapter id="concepts">
<title id="concepts.title">General Concepts</title>
<para>
This chapter presents an overview of the design and organization of
&geom;. Additionally, some of the ``special terms'' used throughout
the reference part of this document will be defined herein.
</para>

<section><title>Overview</title>
<para>
At the highest level, &geom; consists of geometric-primitive abstractions (e.g.
<emphasis>point</emphasis>, <emphasis>box</emphasis>, etc), each being
implemented using a similar set of template classes and other language
constructs. Thus, in order to keep the discussion as general as
possible, we'll talk about a hypothetical geometric abstraction:
``<emphasis>abs</emphasis>''. Everything stated about the implentation of <emphasis>abs</emphasis> applies,
by analogy, to all other abstractions.  Of course, the individual geometric
primitives aren't exactly the same, but the purpose of this chapter is the
similarities. Section <link linkend="abs" endterm="abs.title"/> describes all the details about each abstraction individually.
</para>

<para> Let <emphasis>A</emphasis> be the set of all <emphasis>abs</emphasis>
objects. Elements of <emphasis>A</emphasis> are called ``objects'' or ``abstractions''.</para>

<para> Let <emphasis>P</emphasis>={<emphasis>p<subscript>1</subscript></emphasis>, <emphasis>p<subscript>2</subscript></emphasis>,
<emphasis>p<subscript>3</subscript></emphasis>, ...,
<emphasis>p<subscript>n</subscript></emphasis> } be a (finite) set of
functions <emphasis>p<subscript>i</subscript></emphasis>, from
<emphasis>A</emphasis> to
<emphasis>t<subscript>i</subscript></emphasis>. The
<emphasis>p<subscript>i</subscript></emphasis> are called
``properties''. They associate, to  objects of
<emphasis>A</emphasis>, a value from
<emphasis>t<subscript>i</subscript></emphasis>. The
<emphasis>t<subscript>i</subscript></emphasis> is the ``type'' of
<emphasis>p<subscript>i</subscript></emphasis>.</para>

<note>
<para>
In this document, we will use constructs like
``<emphasis>obj</emphasis>'s own
<emphasis>p<subscript>i</subscript></emphasis>'',
``This is <emphasis>obj</emphasis>, its
<emphasis>p<subscript>i</subscript></emphasis> is...'' or ``The
<emphasis>obj</emphasis> whose
<emphasis>p<subscript>i</subscript></emphasis> is ...'' as a synonym
of <emphasis>p<subscript>i</subscript></emphasis>(<emphasis>obj</emphasis>).
</para>
</note>

<para> The actual set of
properties considered is not immutable, it is
rather arbitrarily chosen, and depends on the purpose of the
study. There is no particular condition imposed on properties, other
then being mere functions. For example, some particular object of
<emphasis>A</emphasis> is not required to have all properties defined
for it. And, not all combination of values of properties may
be associated to an object.
</para>


<para> Let <emphasis>R</emphasis>={<emphasis>p<subscript>i1</subscript></emphasis>, <emphasis>p<subscript>i2</subscript></emphasis>,
<emphasis>p<subscript>i3</subscript></emphasis>, ..., <emphasis>p<subscript>ik</subscript></emphasis>}
  be a subset of
 <emphasis>P</emphasis>.
</para>

<para> Elements of
 <emphasis>R</emphasis>  are said to be
 <emphasis>independent</emphasis>, if and only if,
  for all
(<emphasis>v<subscript>i1</subscript></emphasis>, <emphasis>v<subscript>i2</subscript></emphasis>,
 <emphasis>v<subscript>i3</subscript></emphasis>, ..., <emphasis>v<subscript>ik</subscript></emphasis>) in
 <emphasis>t<subscript>i1</subscript></emphasis> x
 <emphasis>t<subscript>i2</subscript></emphasis> x 
 <emphasis>t<subscript>i3</subscript></emphasis>  x ... x
 <emphasis>t<subscript>ik</subscript></emphasis> there is
 <emphasis>at least</emphasis> an
 object <emphasis>obj</emphasis> in
 <emphasis>A</emphasis> such that
 <emphasis>p<subscript>i1</subscript></emphasis>(<emphasis>obj</emphasis>)=<emphasis>v<subscript>i1</subscript></emphasis>, 
 <emphasis>p<subscript>i2</subscript></emphasis>(<emphasis>obj</emphasis>)=<emphasis>v<subscript>i2</subscript></emphasis>, 
 <emphasis>p<subscript>i3</subscript></emphasis>(<emphasis>obj</emphasis>)=<emphasis>v<subscript>i3</subscript></emphasis>,
 ..., <emphasis>p<subscript>ik</subscript></emphasis>(<emphasis>obj</emphasis>)=<emphasis>v<subscript>ik</subscript></emphasis>.
</para>

<para> Elements of
 <emphasis>R</emphasis>  are said to be
 <emphasis>discriminative</emphasis>, if and only if,
  for all
(<emphasis>v<subscript>i1</subscript></emphasis>, <emphasis>v<subscript>i2</subscript></emphasis>,
 <emphasis>v<subscript>i3</subscript></emphasis>, ..., <emphasis>v<subscript>ik</subscript></emphasis>) in
 <emphasis>t<subscript>i1</subscript></emphasis> x
 <emphasis>t<subscript>i2</subscript></emphasis> x 
 <emphasis>t<subscript>i3</subscript></emphasis>  x ... x
 <emphasis>t<subscript>ik</subscript></emphasis> there is
 <emphasis>at most</emphasis> an
  object <emphasis>obj</emphasis> in
 <emphasis>A</emphasis> such that
 <emphasis>p<subscript>i1</subscript></emphasis>(<emphasis>obj</emphasis>)=<emphasis>v<subscript>i1</subscript></emphasis>, 
 <emphasis>p<subscript>i2</subscript></emphasis>(<emphasis>obj</emphasis>)=<emphasis>v<subscript>i2</subscript></emphasis>, 
 <emphasis>p<subscript>i3</subscript></emphasis>(<emphasis>obj</emphasis>)=<emphasis>v<subscript>i3</subscript></emphasis>,
 ..., <emphasis>p<subscript>ik</subscript></emphasis>(<emphasis>obj</emphasis>)=<emphasis>v<subscript>ik</subscript></emphasis>.
</para>

<para> Elements of
 <emphasis>R</emphasis>  are said to form a
 <emphasis>property group</emphasis>, if and only if,
  for all
(<emphasis>v<subscript>i1</subscript></emphasis>, <emphasis>v<subscript>i2</subscript></emphasis>,
 <emphasis>v<subscript>i3</subscript></emphasis>, ..., <emphasis>v<subscript>ik</subscript></emphasis>) in
 <emphasis>t<subscript>i1</subscript></emphasis> x
 <emphasis>t<subscript>i2</subscript></emphasis> x 
 <emphasis>t<subscript>i3</subscript></emphasis>  x ... x
 <emphasis>t<subscript>ik</subscript></emphasis> there is
 <emphasis>one and only one</emphasis>
  object <emphasis>obj</emphasis> in
 <emphasis>A</emphasis> such that
 <emphasis>p<subscript>i1</subscript></emphasis>(<emphasis>obj</emphasis>)=<emphasis>v<subscript>i1</subscript></emphasis>, 
 <emphasis>p<subscript>i2</subscript></emphasis>(<emphasis>obj</emphasis>)=<emphasis>v<subscript>i2</subscript></emphasis>, 
 <emphasis>p<subscript>i3</subscript></emphasis>(<emphasis>obj</emphasis>)=<emphasis>v<subscript>i3</subscript></emphasis>,
 ..., <emphasis>p<subscript>ik</subscript></emphasis>(<emphasis>obj</emphasis>)=<emphasis>v<subscript>ik</subscript></emphasis>.
</para>


<para> The above definitions only differ with respcet to the allowed number of
objects.
</para>
<para> Some (rather trivial) corollaries follow:
<itemizedlist>
<listitem><para> A set of properties form a group, if and only if, it is
discriminative and independent. </para>
</listitem>
<listitem><para>If the elements of <emphasis>R</emphasis> are independent, then elements of
any subset of <emphasis>R</emphasis> are independent.</para></listitem>
<listitem><para>If the elements of <emphasis>R</emphasis> are discriminative, then elements of
any superset of <emphasis>R</emphasis> are discriminative.</para></listitem>
</itemizedlist>
</para>

<para> Let <emphasis>R</emphasis>={<emphasis>p<subscript>i1</subscript></emphasis>, <emphasis>p<subscript>i2</subscript></emphasis>,
<emphasis>p<subscript>i3</subscript></emphasis>, ..., <emphasis>p<subscript>ik</subscript></emphasis>}
  be a property group. Let <emphasis>p<subscript>ij</subscript></emphasis> an element of <emphasis>R</emphasis>.
  Let <emphasis>a</emphasis>
  in <emphasis>A</emphasis>. Setting the <emphasis>p<subscript>ij</subscript></emphasis> of <emphasis>a</emphasis>,
  to a new value <emphasis>v</emphasis> from <emphasis>t<subscript>i</subscript></emphasis>, relatively
  to <emphasis>R</emphasis>, gives you an
  object <emphasis>b</emphasis> in <emphasis>A</emphasis>, such that:
  <emphasis>p<subscript>i1</subscript></emphasis>(<emphasis>b</emphasis>)=<emphasis>p<subscript>i1</subscript></emphasis>(<emphasis>a</emphasis>),
  <emphasis>p<subscript>i2</subscript></emphasis>(<emphasis>b</emphasis>)=<emphasis>p<subscript>i2</subscript></emphasis>(<emphasis>a</emphasis>), ..., <emphasis>p<subscript>ij</subscript></emphasis>(<emphasis>b</emphasis>)=<emphasis>v</emphasis>, ...,
<emphasis>p<subscript>ik</subscript></emphasis>(<emphasis>b</emphasis>)=<emphasis>p<subscript>ik</subscript></emphasis>(<emphasis>a</emphasis>).
We know that such an object <emphasis>b</emphasis>, does exits and is unique because <emphasis>R</emphasis> is a property group.
Just remember that modifying a property's value is always done relatively to some property group the property belongs to.
</para>
<para> After this little ``mathematical excursion'', (the reader will excuse the
absence of beforehand warnings about it) we are going to give
more-informal discription of the above. Giving the informal description
after the formal one is probably not what you used to. But the author
felt that the formal description was far more precise, and not so
hard to grasp after a read or two. The following is not strictly true
in all cases, and is here just to help understanding. Mathematically inclined readers may
want to skip the informal description and go directly to <xref linkend="example1-4"/>.
</para>

<para> Every object has some ``properties'' that ``characterize'' it,
we'll name them <emphasis>p<subscript>1</subscript></emphasis>, <emphasis>p<subscript>2</subscript></emphasis>,
<emphasis>p<subscript>3</subscript></emphasis>, ...,
<emphasis>p<subscript>n</subscript></emphasis>. And each property has
a type, which is (respectively) <emphasis>t<subscript>1</subscript></emphasis>, <emphasis>t<subscript>2</subscript></emphasis>,
<emphasis>t<subscript>3</subscript></emphasis>, ...,
<emphasis>t<subscript>n</subscript></emphasis>. 
</para>
<para> A set of properties is
<emphasis>independent</emphasis>, if none of them is ``function'' of
the other. That is, if there is no relation that ties them, and thus
none can be deduced out of the others. This means
that they (the properties) can take any value independently, and without compromising the
``validity'' of the object. Often, (but not always) this means that for any
combination of their values, we can give (at least a set of) corresponding values for the
other properties to form a valid object.
</para>

<para> A set of properties is <emphasis>discriminative</emphasis> if
giving their values is enough to ``define'', unambiguously, a specific object, or no
object at all.
</para>

<para>Modifying a property of an object will not affect the other properties of the same group as
the modified one. However the operation is likely to modify other properties in order to keep the
``invariants'' of the object.</para>

<para> A little example should make things clearer.</para>

<example id="example1-4"><title>The complex number abstraction</title>
<para>
Let's consider the complex number abstraction, with the following properties:
real part (<emphasis>real</emphasis>), imaginary
part (<emphasis>imag</emphasis>),
magnitude (<emphasis>rho</emphasis>), and phase
angle (<emphasis>theta</emphasis>). Stated another way,  the <emphasis>abs</emphasis> here is ``complex
number'', <emphasis>P</emphasis> is {<emphasis>real</emphasis>,
<emphasis>imag</emphasis>,
<emphasis>rho</emphasis>, <emphasis>theta</emphasis>},
<emphasis>real</emphasis>(<emphasis>cplx</emphasis>) gives the real
part of the complex numer <emphasis>cplx</emphasis>... and the
<emphasis>t<subscript>1..4</subscript></emphasis> are all
<emphasis>IR</emphasis> (where <emphasis>IR</emphasis> is the set
of all real numbers).
</para>

<para>
The imaginary part, and the real part
 properties do form a group. For any given element of
 <emphasis>IR</emphasis> x <emphasis>IR</emphasis>, we can associate
 one and only one complex number. Its other properties are given by the
 following equations: <emphasis>rho</emphasis> =
 <function>sqrt</function>(
 <emphasis>real</emphasis><superscript>2</superscript> +
 <emphasis>imag</emphasis>
 <superscript>2</superscript>), while <emphasis>theta</emphasis> =
 <function>atan2</function>(
 <emphasis>imag</emphasis>, <emphasis>real</emphasis>). 
  Don't be confused by the fact that (0, 0) does not have a (defined) value for
 its <emphasis>theta</emphasis> property, this doesn't contradict the
 defintion of independency.
 </para>

 <para>
 However the real part, and the magnitude property do not
 form a group: There are neither discriminative nor independent. For
 example,  there is no such complex number whose
 <emphasis>real</emphasis> is 10 and whose <emphasis>rho</emphasis> is
 zero. And there are two complex numbers that have  a
 <emphasis>real</emphasis> of 1 and a <emphasis>rho</emphasis> of 2
 (namely 1+<emphasis>i</emphasis>sqrt(3) and
 1-<emphasis>i</emphasis>sqrt(3)).
</para>

<para> The <emphasis>theta</emphasis> property alone, is independent,
 because there is an infinite set of complex numbers that have
 any given phase angle. For the same reason, <emphasis>theta</emphasis>
 is not discriminative. As you see, a property taken alone is likely
 to be <emphasis>independent</emphasis>, but not likely to be
 <emphasis>discriminative</emphasis>. This will be often the case
 in this document, but don't take it as a general rule.
 </para>

 <para> The set of <emphasis>all</emphasis> the properties of complex
 numbers is discriminative, but not independent. Indeed, there can't
 be two complex numbers with the same <emphasis>real</emphasis>,
 <emphasis>imag</emphasis>,
 <emphasis>rho</emphasis> and <emphasis>theta</emphasis> values. But
 there is no complex number whose properties are all equal to one, for
 example. As you see, all the properties of an abstraction  are likely
 to be <emphasis>discriminative</emphasis>, but not likely to be
 <emphasis>independent</emphasis>. This will be often the case
 in this document, but don't take it as a general rule.
 </para>
 </example>

 <para>Let's suppose a complex number <emphasis>cpx=1+i</emphasis>: we have
 <emphasis>real(cpx) = 1</emphasis>,  
 <emphasis>imag(cpx) = 1</emphasis>,  
 <emphasis>rho(cpx) = sqrt(2)</emphasis> and   
 <emphasis>theta(cpx) = pi/4</emphasis>. Now if we want to change a property of <emphasis>cpx</emphasis> 
The operation must be done <emphasis>with respect to some proerty group</emphasis> for the change to be
meaningful. For example, what about setting <emphasis>real(cpx)</emphasis> to the value <emphasis>3</emphasis>
with respect to the property group <emphasis>(real,imag)</emphasis>. In this case, the result is <emphasis>cpx=3+i</emphasis>.
The operation did not change the <emphasis>imag</emphasis> property (which is still equal to 1) because <emphasis>imag</emphasis>
is part of the property group. But the other properties (<emphasis>rho</emphasis>, and <emphasis>theta</emphasis>), which are 
not in the group are likely to be modified. Similarily, changing the <emphasis>rho</emphasis> property with repect to the property
group <emphasis>(rho,theta)</emphasis> will not change the <emphasis>theta</emphasis> property but is likely to change the 
<emphasis>real</emphasis> and <emphasis>imag</emphasis>.
 </para>
 
<para> Enough of maths ! :)</para>
</section> <!--- Overview -->

<section><title>Traits</title>
<para> Providing multiple
 implementations for
 <emphasis>abs</emphasis> is more then desirable. But what an
 ``implementation of abs'' really is ?</para>

  <para> A <emphasis>representaion</emphasis> of <emphasis>abs</emphasis> is defined as
 being a <emphasis>discriminative</emphasis> subset of
 <emphasis>P</emphasis>. Thus, a <emphasis>representaion</emphasis> is
 just one way to
 <emphasis>represent</emphasis>/<emphasis>model</emphasis> the
 <emphasis>abs</emphasis> abstraction.
</para>

<para> Let <emphasis>R</emphasis> be a repressentation of
<emphasis>abs</emphasis>. An <emphasis>implementation</emphasis> of
<emphasis>abs</emphasis> is defined to be a <emphasis>C++
type</emphasis> <emphasis>T</emphasis> such that, for all instances
<emphasis>t</emphasis> of <emphasis>T</emphasis> there is a ``way'' to
reach the associated value for every element of
<emphasis>R</emphasis>. We will say that ``<emphasis>T</emphasis> is
an implementation of the <emphasis>R</emphasis> representation of
<emphasis>abs</emphasis>'', and sometimes, simply that ``<emphasis>T</emphasis> is
an implementation of
<emphasis>abs</emphasis>''.
</para>

<para> If we re-consider the above example about complex number, we
could say that <emphasis>R</emphasis>={<emphasis>real</emphasis>,
<emphasis>imag</emphasis>} is one of the possible representations of the
complex number abstraction, and that
<programlisting>struct { double real, imag; };
std::complex&lt;double&gt;;
class point { double real, imag; /* other things as well ....*/  };
struct origin_t{ double real(){return 0;} double imag(){return 0;}};
</programlisting>
are (all) implementations of it. Note that:
<itemizedlist>
<listitem><para> <classname>std::complex&lt;double&gt;;</classname> is
already a ``complex number'' and also a way to implement the
<emphasis>R</emphasis> representation of complex numbers in
. That is, even though <classname>std::complex</classname> has
some implementation of a ``complex number'' inside it, it can, itself,
serve as an implementation of  the ``complex number''
abstraction. <xref linkend="strange_example"/> shows some incarnation
of this notion.
</para></listitem>
<listitem><para> <classname>point</classname> doesn't hold only its
<emphasis>real</emphasis> and <emphasis>imag</emphasis>.
</para></listitem>
<listitem><para> <classname>origin_t</classname> doesn't hold anything
as a data field. But does effectively provide access to its
<emphasis>real</emphasis> and <emphasis>imag</emphasis> as required.
</para></listitem>
</itemizedlist>
</para>
<para> &geom; must accommodate with any implementation of
<emphasis>abs</emphasis> the user chooses.
</para>
<para> There is a finit number of representations (their number can't
exceed 2<superscript>n</superscript>-1, where <emphasis>n</emphasis> is
the number of properties considered), but an infinite number of
possible implementations for each one. And thus it is not possible to
hard-code  implementation management.
</para>
<para> The problem is that we want to <emphasis>attach</emphasis>, to any C++ type, the
necessary ``information'' to reach the values of the 
representation in a <emphasis>uniform</emphasis> way the library can
recognize and work with. Some C++ types like <type>int</type> or
<classname>std::complex</classname> can't be touched: you can't add
member functions or anything to them. This is also the case for C++
types defined in third-party libraries you do not own. The sollution
to this problem has a name: ``traits-based design''.
</para>
<para> We define the traits class for <emphasis>abs</emphasis>  in
header &lt;&dir;geom/<emphasis>abs</emphasis>_traits.hpp&gt; like
this:
<programlisting>template&lt;class Impl&gt;
struct <emphasis>abs</emphasis>_traits
{
	static const bool is_specialized = false;

	typedef <emphasis>implementation_defined</emphasis> <emphasis>abs</emphasis>_type;
	
	// Other things omitted ... 
};
</programlisting>
The <varname>is_specialized</varname> field tells if the
template instantiation is a  specialized one, or if you're accessing the
general definition of <classname>abs_traits</classname>. <classname>abs_type</classname>
is used to ``create temporary <emphasis>abs</emphasis> objects''. For the moment
suffice it to say that it is equivalent to <emphasis>Impl</emphasis>.
</para>

<section> <title>Traits Components</title>

<para> Aside from <varname>is_specialized</varname> and
<classname>abs_type</classname>, a member of <classname>abs_traits</classname>
can be (1) A <emphasis>property
specifier</emphasis>, or (2) an <emphasis>operation</emphasis>.
</para>

<section><title>Property Specifiers</title>
<para>
The purpose of property specifiers is to give a way to reach the
values of properties. For every property <emphasis>prop</emphasis> in <emphasis>P</emphasis>, a
specialization of <classname>abs_traits</classname> is required to
provide a property specifier. A property specifier is, in fact, a nested
struct member that looks like this:
<programlisting>template&lt;class Impl&gt;
struct <emphasis>abs</emphasis>_traits
{
	// ....
	struct <emphasis>prop</emphasis>
	{
		static const bool direct_access=<emphasis>impl_defined</emphasis>;
		
		typedef <emphasis>implementation_defined1</emphasis> value_type;
		typedef <emphasis>implementation_defined2</emphasis> ret_type;

		// Extracts the <emphasis>prop</emphasis> of imp
		static ret_type get(const Impl& imp);

		// Sets the <emphasis>prop</emphasis> of imp to v
		static void set(Impl& imp, value_type v);

		// Direct access to <emphasis>prop</emphasis>
		static value_type& getset(Impl& imp);
	};
	//  ... 
};
</programlisting>
Note that:
<itemizedlist>
<listitem> <para> There must be a property specifier for every property in
		<emphasis>P</emphasis>, not only for those in the
		representation considered.
		</para>
</listitem>
<listitem>
<para> Every member shown above must (at least) be declared (as opposed to declared
and defined). </para></listitem>
<listitem><para> <varname>direct_access</varname> is ``true'' if
		<function>getset</function> is defined, otherwise it
		must be ``false''.
</para></listitem>
<listitem><para><function>get</function> and <function>set</function>
		<emphasis>must be defined</emphasis>.
</para></listitem>
<listitem><para> Even though the example shows that
		<function>get</function> takes its first argument by
		constant reference, it is not required. Another
		possibility is taking <varname>impl</varname> by
		value. However <type>Impl&</type> is
		<type>Impl&</type>, because you can't fake a reference
		in C++.
</para></listitem>
<listitem><para> Member <type>ret_type</type> is here to allow a
		<function>get</function> to choose between returning by
		const reference or by 
		value, nothing more.
</para></listitem>
<listitem><para>Note that members must be accessible without
		having to instantiate anything. So don't forget the
		<emphasis>static</emphasis> keyword. </para></listitem>
</itemizedlist>
</para>

</section>
<section><title>Operations</title>
<para> While the property specifiers deal with the <emphasis>implementation</emphasis> of
abstractions, the purpose of <emphasis>operations</emphasis> is rather
their manipulation.
</para>

<para> Theoretically, operations aren't necessary. If we reconsider
the complex number abstraction (<classname>complex</classname>), we could say that, no matter the
implementation <classname>impl</classname> considered, comparing two
complex numbers, <varname>cplx1</varname> and <varname>cplx2</varname>, is done like this:
<programlisting> <![CDATA[// Generic implementation
 bool are_equal=complex_traits<impl>::real::get(cplx1)==complex_traits<impl>::real::get(cplx2) &&
                complex_traits<impl>::imag::get(cplx1)==complex_traits<impl>::imag::get(cplx2)
]]></programlisting>
This extracts the two <emphasis>real</emphasis> properties and
compares them, and if they're equal extracts the two
<emphasis>imag</emphasis> properties and compares them. This is 
 semantically correct, but it prevents us from taking benefit of
any optimization a particular <classname>impl</classname> could
allow. Indeed, suppose we are working on a 64-bits machine, we may
want to pack the <emphasis>real</emphasis> and the
<emphasis>imag</emphasis> value of a complex number in a
<emphasis>single</emphasis> machine word. There must certainly be
some dedicated instruction to compare memory words. This means we
should be able compare complex numbers with a single instruction. But
if we choose to put the <emphasis>real</emphasis> and the
<emphasis>imag</emphasis> on two distinct memory locations, then we
must fall back on the generic approach.
</para>
<para> It is now clear that operations can't be done efficiently and
indepently of the implentation. It is either of the two. Since
efficiency is one of main design goals of &geom;,
<emphasis>operations</emphasis> where added to traits classes.
</para>
<para> For every abstraction, a set of ``<emphasis>primitive</emphasis>''
operations are chosen. <emphasis>Operations</emphasis> are simply
<emphasis>static</emphasis> member functions inside the traits class.
The number and types of arguments, the return value and general semantic of
<emphasis>operations</emphasis> are specific to each
abstraction. <emphasis>Operations</emphasis> usually take, as a first
argument, a [<emphasis>const</emphasis>] reference to the implentation type.
</para>
</section> <!-- Operations -->
</section> <!-- Traits components -->
<section><title> Traits Helpers </title>
<para> Inorder to ease the work with <classname>abs_traits</classname> some
handy language constructs and conventions are provided and known as ``<emphasis>traits helpers</emphasis>''. We could
say that traits helpers spare you the effort of having to specialize the traits class when the complier can do it
for you.
</para>

<section><title>Implementation Extractors</title>
<para> Say that you have specialized <classname>abs_traits</classname> with <classname>abs_p</classname>.
So that you can think of instances of <classname>abs_p</classname> as implementing an <emphasis>abs</emphasis>.
</para>
<para>Now consider this:<programlisting>class someclass {
	abs_p m_abs_p;
	int   m_other_member;
	// etc ..
};</programlisting>
As you see <classname>someclass</classname> has a <classname>abs_p</classname> inside. Now what
if you wanted to treat <classname>someclass</classname> as an implementation of the <emphasis>abs</emphasis>
abstraction ? After all, it has a <classname>abs_p</classname> for which a specialization of
 <classname>abs_traits</classname> has already been provided.
 </para>
 <para>``<emphasis>Implementation extractors</emphasis>'' solve the problem by providing an additional
 level of indirection. For every abstraction, there
 is an implementation extractor defined in &lt<filename>&dir;geom/abs_traits.hpp</filename>&gt,
 like this:<programlisting>template&lt;class Impl&gt;
 struct <emphasis>abs</emphasis>_impl
 {
 	typedef Impl type; // Nop
	static type&       extract(Impl& imp)      { return imp; } // Nop
	static const type& extract(const Impl& imp){ return imp; } // Nop
 };</programlisting>
 This is the default implementation of <emphasis>abs</emphasis>_impl. It does nothing
 but returning you the passed types and objects. But it is really intended to be
 specialized to deal with ``wrappers''(C++ types that have an implementation of <emphasis>abs</emphasis>
 inside them, such as <classname>someclass</classname> above).
 </para>
 <para> Now the writer of <classname>someclass</classname> can do this:<programlisting>template<>
 abs_impl&lt;someclass&gt;
 {
 	typedef abs_p type;

	// Assuming someclass::get_abs() returns someclass::m_abs_p
	static type&        extract(someclass& sc) { return sc.get_abs(); }
	static const type&  extract(const someclass& sc) { return sc.get_abs(); }
 }; </programlisting>
 But this doesn't force anyone to use the indirection:<programlisting>  someclass sc;

 // Error! There is no such specialization of <emphasis>abs</emphasis>_traits
 <emphasis>abs</emphasis>_traits&lt;someclass&gt;::operation(sc);

 // Error! Operations in <emphasis>abs</emphasis>_traits&lt;abs_p&gt; do not take a
 //  <classname>someclass</classname>& as an argument.
 <emphasis>abs</emphasis>_traits&lt;typename <emphasis>abs</emphasis>_impl&lt;someclass&gt;::type&gt;::operation(sc);

 // Ok ! note how the extract member ``extracts'' the implementation object from its wrapper
 <emphasis>abs</emphasis>_traits&lt;typename <emphasis>abs</emphasis>_impl&lt;someclass&gt;::type&gt;::operation(<emphasis>abs</emphasis>_impl&lt;someclass&gt;::extract(sc));
  </programlisting>
  Now when ever you want to use <classname>abs_traits&lt&gt</classname> route your types and objects through
  <classname>abs_impl</classname>.
 </para>

 <para> We say that a given C++ type <emphasis>T</emphasis> ``<emphasis>has <emphasis>abs</emphasis> interface</emphasis>'', if
 and only if:<programlisting><emphasis>abs</emphasis>_traits&lt;typename <emphasis>abs</emphasis>_impl&lt;T&gt;::type&gt;::is_specialized==true </programlisting>
 </para>
</section> <!-- Impl Extractor -->

<section><title>Traits Generators</title>
<para> Let <emphasis>P1</emphasis>, <emphasis>P2</emphasis>, ..., <emphasis>Pn</emphasis> be implementations
of some <emphasis>R</emphasis> representation of <emphasis>abs</emphasis>. Specializations <classname>abs_traits</classname> with
<emphasis>P1</emphasis>, <emphasis>P2</emphasis>, ..., <emphasis>Pn</emphasis> are likely to be quite similar.
</para>

<para> For example, consider the ``X and Y representation'' for points in the plan. The following
are all possible implementations of it:<programlisting>struct point { int x,y; };
std::complex&lt;int&gt;

class Point
{
	int get_x() const; int get_y() const;
	void set_x(int); void set_y(int);

	// Rest of declaration
};</programlisting>
Indeed, the above types all provide some ``fast'' access to thier X and Y attributes. Specializing the traits class
for each one would be rather repetitive (and, as we all know, copy-pasting is one of the (many) deadly sins of programming).
</para>

<para> In cases like this, we can make good use of ``<emphasis>traits generators</emphasis>''. Traits generators
take as (template) argument a subset of <emphasis>abs_traits</emphasis> content and deduce the rest from it. Specifically,
you provide only ``property specifiers''(as described above) for elements of <emphasis>R</emphasis> and the traits
generator deduces the others as well as the operations.
</para>

<para> A traits generator that takes ``property specifiers'' for properties <emphasis>q<subscript>1</subscript></emphasis>, <emphasis>q<subscript>2</subscript></emphasis>,
<emphasis>q<subscript>3</subscript></emphasis>, ...,
<emphasis>q<subscript>k</subscript></emphasis> is named
<classname>abs_q1q2q3..qk_traits</classname>. And it is declared in &lt;<filename>&dir;geom/abs_q1q2q3..qk_traits.hpp</filename>&gt;
</para>

<para> Traits generators deduce traits content out of a subset of it. But they do not specialize the traits class for you.
Thus in order to use them you must specialize the traits class and make that inherit the declarations the traits class
deduced. Pratically it looks like this:
<programlisting> // Some new type we'd like to give ``abs'' interface to
struct some_abs_impl { /* .... */ };

// First we must decalre the subset of the traits class the traits generator wants.
//  The actual declarartions needed depends heavily on the particular traits generator we
//  want to use.
struct my_q1 { /* ... things using some_abs_impl ... */ };
struct my_q2 { /* ... */ };
// ...
struct my_qk { /* ... */ };

// Now specialize abs_traits with abs_impl using the traits generator abs_q1q2..qk_traits.
// Note public inheritance.
template<>
class abs_traits&lt;abs_impl&gt; :
	public abs_q1q2q3...qk_traits< some_abs_impl, my_q1, my_q2, ..., my_qk >
{
	// This is the only thing the traits generator doesn't provide
	static const bool is_specialized=false;
};

// Now you have correctly specialized abs_traits with some_abs_impl
</programlisting>
Traits generators look friendly, but they have downsides. First the fact that they deduce things means
 that their deductions aren't always optimal, they may not even be what you want. Secondly, traits
 generators take arbitrary decisions for you, you may not like that. Traits generators are thought to
 treat the general case, if you have some special needs, you'll have to specilize <classname>abs_traits</classname>
 yourself, no automated mechanism can help you.
</para>

</section> <!-- Traits Genera -->


</section> <!-- Traits helpers -->
</section> <!-- Traits -->

<section><title>Provided Implementations</title>
<para>You don't necessarily need to specialize traits classes before using
&geom;. The ``most common'' implentations of <emphasis>abs</emphasis> are
likely to be already provided by the library and ready to use.
</para>
<para> Those ``provided implementation types'' follow (more or less) the
following conventions:
<itemizedlist>
<listitem><para> If the type is an implentation of the representation
<emphasis>R</emphasis>={<emphasis>q<subscript>1</subscript></emphasis>, <emphasis>q<subscript>2</subscript></emphasis>,
<emphasis>q<subscript>3</subscript></emphasis>, ...,
<emphasis>q<subscript>k</subscript></emphasis>}, then it is named
<classname>abs_q1q2q3..qk</classname>. And it is declared in &lt;<filename>&dir;geom/abs_q1q2q3..qk.hpp</filename>&gt;
</para></listitem>
<listitem><para> Some types are in fact template implentations (and the
corresponding traits specialization is a <emphasis>partial</emphasis>
template specialization of <classname>abs_traits</classname>). They
usually take, as a template parameter, the type used to store
properties.
</para></listitem>
<listitem><para> Implementation types provide a constructor that takes
the initial values of <emphasis>q<subscript>1</subscript></emphasis>, <emphasis>q<subscript>2</subscript></emphasis>,
<emphasis>q<subscript>3</subscript></emphasis>, ...,
<emphasis>q<subscript>k</subscript></emphasis> in order. A default
constructor (that does nothing) is also proided.
</para></listitem>
<listitem><para> Implementation types provide direct access to thier
members, which are named after the properties'--The memeber that stores 
the current <emphasis>q<subscript>i</subscript></emphasis>  value is
named <varname>qi</varname>.
</para></listitem>
<listitem><para> Implementation types provide nothing else (no
operator overloads, no elaborated member functions, etc), they aim
for simplicity and minimum memory usage.
</para></listitem>
</itemizedlist>
</para>
</section>

<section><title>Wrappers</title>

<section><title>Wrapper Classes</title>

<para>Making the library easier to work with is the sole purpose of <emphasis>wrapper classes</emphasis>.
</para>

<para>The wrapper class corresponding to the <emphasis>abs</emphasis> asbtraction is named
<classname>abs</classname> and is declared in &lt;<filename>&dir;geom/abs.hpp</filename>&gt;.
</para>

<para> Wrapper classes need to know about the implementation you want to use. Thus, they take as a first
template argument any C++ type that has  ``<emphasis>abs</emphasis> interface'', that is, any type <emphasis>T</emphasis>
for which :<programlisting><emphasis>abs</emphasis>_traits&lt;typename <emphasis>abs</emphasis>_impl&lt;T&gt;::type&gt;::is_specialized==true </programlisting>
</para>

<para>  For every property <emphasis>prop</emphasis> of <emphasis>abs</emphasis>, the wrapper class
provides a member <function>prop()</function> that gives both read and write access to <emphasis>prop</emphasis>.
This allows you to write things like:<programlisting>abs&lt;abs_q1q2...qk&gt; a;
a.q1()=10; // Write access; Assuming the type of q1 is some integral type
int j=a.q1(); // Read access</programlisting>
</para>

<para> Wrapper classes usually define some convenient operator overloads implemented using <classname>abs_traits</classname>'s
operation memebers.</para>

<para> Wrapper classes implement mixed implementation computations: most of its memebers take any type as an argument
an will try to pass it to <classname>abs_traits</classname>(and <classname>abs_impl</classname>) to know how to
work with it (and if it doesn't have ``abs interface'' (as required) a compile time error will be triggered).
For example here is how the implementation of some <classname>abs</classname> members look like:<programlisting>class abs
{
	// Copy ctor
	template&lt;typename T&gt;
	abs(const T& any)
	{
		// T must have ``abs interface''
		BOOST_STATIC_ASSERT(abs_traits&lt;typename abs_impl&lt;T&gt;::type&gt;::is_specialized);

		// ....
	}

	template&lt;typename T&gt;
	operator=(const T& any)
	{
		// T must have ``abs interface''
		BOOST_STATIC_ASSERT(abs_traits&lt;typename abs_impl&lt;T&gt;::type&gt;::is_specialized);

		// ....
	}

	//...
};</programlisting>
	
</para>

<para> Depending on the particular abstraction considered, wrapper classes may define other ``higher level'' members that
uses the above basic facilities to provide more elaborated behavior.
</para>
</section> <!-- wrapper classes -->

<section><title>Function Wrappers</title>
<para> Suppose that you have an instance of an implementation type to which you want to apply some of the high level
facilities of wrapper classes. A first sollution is to do this:<programlisting> abs_q1...qk abs_impl_obj;
//... Make a copy
abs&lt;abs_q1...qk&gt; abs_wrap_obj=abs_impl_obj;
abs_wrap_obj.q1()++; // Use advanced features ... </programlisting>
But having to create a temporary copy just to take benefit of notational convenience is overkill. Instead you can
use ``function wrappers''. ``Function wrappers'' are non-member (free standing) function that does what their
name suggests: They wrap an implantation. The ``function wrapper'' associated with <emphasis>abs</emphasis> is
named <function>abs_wrap</function> and is declared in &lt;<filename>&dir;geom/abs.hpp</filename>&gt;. What
makes function wrappers so nice is that they are zero cost operations that should generate no additional assembly code.
So, the previous example becomes:<programlisting> abs_q1...qk abs_impl_obj;
abs_wrap(abs_impl_obj).q1()++; // Use advanced features ... </programlisting>
</para>
</section> <!-- Funtion wrappers -->
</section> 
<section><title>Summary</title>
<para>
This chapter has been lengthy and (regrettably) quite hard to grap . This little summary should help you.
But be warned, this is intentionally (a little bit) informal, so be sure to refer to the body of this chapter
for exact description. This is by no means a replacement for the chapter itself.
</para>

<para>For every abstraction <emphasis>abs</emphasis>, there is:
<itemizedlist>
<listitem><para>
	A set of properties (<emphasis>q<subscript>1</subscript></emphasis>,
	<emphasis>q<subscript>2</subscript></emphasis>, ...,
	<emphasis>q<subscript>n</subscript></emphasis>).
	<itemizedlist>
		<listitem><para>
	 	Properties are organized into <emphasis>groups</emphasis>.
	 	</para></listitem>

		<listitem><para>
	 	Modifying some property is always done relatively to some group the property
		belongs to. In such a way that, the other properties of the same group are not
		``touched''.
		</para></listitem>
	</itemizedlist>
</para></listitem>

<listitem><para>
	Implementations; which are just C++ types holding a subset of (<emphasis>q<subscript>1</subscript></emphasis>,
	<emphasis>q<subscript>2</subscript></emphasis>, ...,
	<emphasis>q<subscript>n</subscript></emphasis>). You can think of a struct with two integral fields as a
	possible implementation of the complex number abstraction. The ``most common implementations'' of
	<emphasis>abs</emphasis> are likely to be already provided.
</para></listitem>
<listitem><para>
A traits class <classname>abs_traits</classname> that tells how to deal with implementations. That is,
the traits class makes the library able to handle all implementations (even those you provided yourself) the same way.
<classname>abs_traits</classname> contains :
	<itemizedlist>
	<listitem><para>Property specifiers: tell how to read/write properties from the implementation object.</para></listitem>
	<listitem><para>Operations: tell how to manipulate implementations.</para></listitem>
	</itemizedlist>
</para></listitem>

<listitem><para>Traits helpers are here to avoid you having to specialize <classname>abs_traits</classname> where possible.
Traits helpers are of two kinds:
	<itemizedlist>
	<listitem><para>
		An implementation extractor: <classname>abs_impl</classname>.
		Say you have specilized <classname>abs_traits</classname> for <classname>some_abs_impl</classname>.
		And that one of your classes, say <classname>some_class</classname> has an instance of
		 <classname>some_abs_impl</classname> inside it. Now what if you want the library to deal
		 with <classname>some_class</classname> by extracting the <classname>some_abs_impl</classname> in it, you
		 can specialize <classname>abs_impl</classname>, instead of (the much bigger)  <classname>abs_traits</classname>.
	</para></listitem>
	<listitem><para>
		Traits generators: take a subset of <classname>abs_traits</classname> and deduce the rest for you.
	</para></listitem>
	</itemizedlist>
</para></listitem>

<listitem><para>
Wrappers. Wrappers are the user friendly  part of the library, the one you'll deal most with. Wrappers are of two
kinds:
	<itemizedlist>
	
       <listitem><para>
       Wrapper class: <classname>abs<></classname>, takes as a template argument the implementation type to use and then
       provides <emphasis>all</emphasis> the facilities of the <emphasis>abs</emphasis> abstraction, like convenient read/write
       access to all properties (not only the subset supported by implementation types).
       </para></listitem>

       <listitem><para>
       Function wrapper: <function>abs_wrap()</function>
       , takes an instance of an implentation type and turn it into an instance of <classname>abs</classname>, at no cost.
       </para></listitem>

       </itemizedlist>
       
</para></listitem>

</itemizedlist>

</para>

</section> <!-- SUmmary -->
</chapter>

