<?xml version="1.0" ?>

<preface id="epilogue">
<title id="epilogue.title">Epilogue</title>
<para>
After a few months of work, I think I managed to come by something that
effectively solves my initial problems, and I hope that it can help other people
as well.
</para>

<para>
One of the most important aspect of the library is its close integration with
existing ones. That is, you surely already have some points&amp;rectangles library you are happy
with, in fact, you surely have some graphical library that <emphasis>imposes</emphasis> its own
points and rectangles, and you don't want to use &geom; if this means converting  between &geom;'s stuff
into you library's stuff, and vise-versa. You don't have to: you can make &geom; compatible with any other points&amp;rect library
to take benefit of all features it has to offer and still be able to call (the zero cost) <function>impl()</function>
member to obtain something <emphasis>your</emphasis> library wants, and to go back (at no cost) to &geom; stuff you use
function wrappers. This is just a matter of specializing some traits classes.
</para>

<para>
Also, I find property-access syntax cool and intuitive. Besides, it is well implemented. For example consider this:
<programlisting>point&lt; point_xy&lt;double&gt; &gt; pt;
//...
double rho=pt.rho();
pt.rho()=30;
</programlisting>
What the return value of <function>pt.rho()</function> can be ?
<itemizedlist>
<listitem><para>It must be something that can be evaluated to get the current RHO attribute of pt (read access)</para></listitem>
<listitem><para>It must be something that we can assign 30 to and expect proper modifications
on the X and Y attributes of pt (write access).</para></listitem>
<listitem><para>It cannot be a <type>double&</type> since pt holds only its X and Y attributes as data fields, its
RHO must be computed.</para></listitem>
</itemizedlist>
Faced with such a problem all of us think of one design pattern ``The Proxy Class'', that is, <function>pt.rho()</function>
returns (by value) some new object that has a reference to pt inside it, and that can turn any assignment or evaluation
into calls to some hidden pt's members. Well, It seems that returning a proxy by value is among the things that today's
compilers fail to optimize. In fact, when you call <function>pt.rho()</function>, pt ``wears a new interface'', the interface
of the proxy that we would like to return, before returning himself by reference. That is, calling <function>rho()</function> gives
pt a new interface that accepts assignments and evaluations. In practice, this means that <function>point::rho()</function>
never creates an object it just returns *this after having reinterpret_casted him into a proxy type. And reinterpret_cast
is a zero cost operation on most implementations. The same idiom is applied in the implementation of
<function>box::center</function> and <function>box::corner<></function>.
</para>

<section><title>Conclusion</title>
<para>The library surely is not perfect (none of our creations can be), it still lacks many of the
implementation types and traits generators I'd like to have, and some rough edges need to be smoothed.
But the general spirit is here:
<itemizedlist>
<listitem><para>Close integration with already existing libraries.</para></listitem>
<listitem><para>Lots of handy features for every abstraction.</para></listitem>
<listitem><para>Not imposing additional overhead over a more simplistic library</para></listitem> 
</itemizedlist>
</para>
<para> It is my hope that, after having understood &geom;, you will never ever feel the need to write a new
<classname>point</classname> class.
</para>
</section>


</preface>
