<?xml version="1.0"?>
<!DOCTYPE book PUBLIC "-//OASIS/DTD DocBook XML 4.2//EN"
	"/usr/share/sgml/docbook/dtd/xml/4.5/docbookx.dtd" [
	<!ENTITY geom "<emphasis>Boost.Geom</emphasis>">
	<!ENTITY namespace "boost::">
	<!ENTITY dir "boost/">

	<!ENTITY preface SYSTEM "preface.xml">
	<!ENTITY intro SYSTEM "intro.xml">
	<!ENTITY rational SYSTEM "rational.xml">
	<!ENTITY concepts SYSTEM "concepts.xml">
	<!ENTITY install SYSTEM "install.xml">
	<!ENTITY kick SYSTEM "kick.xml">
	<!ENTITY abs SYSTEM "abs.xml">
	<!ENTITY epilogue SYSTEM "epilogue.xml">
	<!ENTITY gdl SYSTEM "gdl.xml">
	<!ENTITY abs_point SYSTEM "abs_point.xml">
	<!ENTITY abs_box   SYSTEM "abs_box.xml">
	<!ENTITY other_libs SYSTEM "other_libs.xml">	
	]>
<book>
<bookinfo>
	<title> The &geom; User's Manual </title>
	<subtitle> 2D and 3D Geometric Primitives Library </subtitle>
	<author>
		<firstname> Anis </firstname> <surname> Benyelloul </surname>
	</author>
	<copyright>
		<year>2005</year>
		<holder>Anis Benyelloul</holder>
	</copyright>
	<legalnotice><para>
     Permission is granted to copy, distribute and/or modify this document
     under the terms of the GNU Free Documentation License, Version 1.1
     or any later version published by the Free Software Foundation;
     A copy of the license is included in the section entitled ``<link linkend="gdl"
endterm="gdl.title"/>''.
     </para></legalnotice>
</bookinfo>

&preface;

&intro;

&rational;

&install;

&kick;

&concepts;

&abs;

&other_libs;

&epilogue;

&gdl;

</book>
