<?xml version="1.0"?>
<chapter id="install"><title id="install.title">Installation</title>
<para> 
&geom; is a ``<emphasis>header only</emphasis>'' library, and is completely self-contained
and doesn't depend on any other library. This means that, in
order to install it, all you need to do is to:
</para>

<itemizedlist>
<listitem><para>Copy the include/ subdir to some handy location on your hardrive;</para></listitem>
<listitem><para>Configure you compiler to add that include/ as one of the places where to look for header files (e.g with gcc you use the -I command line option).</para></listitem>
</itemizedlist>

<para>Here is a simple program you can use to test your installation:
<programlisting>
<![CDATA[
#include <iostream>

#include <boost/geom/point.hpp>
#include <boost/geom/box.hpp>

#include <boost/geom/point_xyz.hpp>
#include <boost/geom/box_xywh.hpp>

int main ()
{
	typedef boost::geom::point_xy<float> point_xy;
	typedef boost::geom::point<point_xy> point;

	typedef boost::geom::box_xywh<float> box_xywh;
	typedef boost::geom::box<box_xywh> box;

	point pt=point_xy(3.0,4.0);

	box bx=box_xywh(0,0,10,20);

	std::cout<<"("<<pt.x()<<","<<pt.y()<<")"<<std::endl;	
	std::cout<<"("<<bx.x1()<<","<<bx.y1()<<","<<bx.width()<<","<<bx.height()<<")"<<std::endl;	
}
]]>
</programlisting></para>

</chapter>
