<?xml version="1.0"?>
<chapter><title>Introduction</title>
<para> The present document is divided into chapters
 you can read in any order, except that:
<itemizedlist>
<listitem><para> Section <link linkend="abs" endterm="abs.title" /> relies
heavily on <link linkend="concepts" endterm="concepts.title" />, 
so it is assumed that you'll read the latter
first.</para> </listitem> 
<listitem><para>Many people like to see pratical examples before 
more theoretic issues. Those will want to start with <link linkend="kick" endterm="kick.title" />.
</para></listitem>
</itemizedlist>
</para>

<para><link linkend="rational" endterm="rational.title" />: Exposes the
original idea and motivation for the library. It explains how Boost.Geom is not
``yet another points and rectangles'' implementation. It is not necessary to
read this section if you only want to learn how to use the library.</para>

<para><link linkend="install" endterm="install.title" />: Explains how to setup your compiler to work
with the library. Since the library is header-only and does not have any dependencies
the procedure is pretty straightforward.</para>

<para><link linkend="kick" endterm="kick.title" />: Is a kind of tutorial. It will give you
pratical examples of code using the library. Many people will like to
start with this one.</para>

<para><link linkend="concepts" endterm="concepts.title" />: This chapter
introduces the general concepts, and some of terms used to describe  &geom;.
It will also give an overview of how (some of)
the design goals are achieved.</para>

<para><link linkend="abs" endterm="abs.title" />: Is the reference part of the document.
This uses the concepts introduced in <link linkend="concepts" endterm="concepts.title" /> to describe library
content. This chapter aims to be comprehensive rather then easy to
read. So you should have acquired a good overview of the library
(through the previous chapter) before diving into this one.
</para>

<para><link linkend="epilogue"
endterm="epilogue.title"/>: Concludes the document by giving
the general feeling of the author about the library (among other things).
</para>

</chapter>
