<?xml version="1.0" ?>

<chapter id="kick"><title id="kick.title">Kick Start</title>
<para> The pupose of this chapter is to give the reader an idea of how
working with the library looks like. </para>

<section><title>Warming up</title>

<para> Everything belonging to &geom; is declared within namespace
<classname>&namespace;geom</classname>. And header files are usually named after
the main class (template) they declare, for example
<filename>&lt;&dir;geom/point.hpp&gt;</filename>.
</para>

<note>
<para> In the following, we'll omit the <classname>boost::</classname>
prefix when we refer to decalrations made in
<classname>boost::geom</classname>.</para>
</note>

<para>First you need to chose among the available geometric primitives:</para>
<itemizedlist>
<listitem><para><classname>geom::point&lt;&gt;</classname> Used to represent
points in 2D and 3D.</para> </listitem>
<listitem><para><classname>geom::box&lt;&gt;</classname> Used to represent rectangles (2D) and Boxes (3D)</para> </listitem>
</itemizedlist>

<para>Say that you want to play with points first. Before you can start using a
geometric primitive you must choose how you want them to be implemented (this
won't change the way you <emphasis>use</emphasis> them, just how they are
internally represented).</para>

<para>NOTE: &geom; was originally meant to be a wrapper over existing
implementations of geometric primitives. So, the implementation types you use
would be one that another library provides (such as QPoint if you are working
with Qt). But &geom; also provides it's own (generic) implementation types,
 we'll use those in this chapter.  
</para>

<para>You tell <classname>geom::point&lt;&gt;</classname> which implementation
you want by passing an ``<emphasis>implementation type</emphasis>'' as its
unique template argument. &geom; comes with some ready to use implementation
types to be passed to <classname>geom::point&lt;&gt;</classname>:
</para>

<itemizedlist>
<listitem><para><classname>geom::point_xy&lt;&gt;</classname>: stores X and Y
attributes;</para></listitem>
<listitem><para><classname>geom::point_xyz&lt;&gt;</classname>: stores X, Y and
Z attributes.</para></listitem>
</itemizedlist>

<para>The above two class templates let you specify the type of the internal X, Y, Z attributes (e.g
<classname>int</classname>, <classname>float</classname>,
<classname>double</classname>, etc) through their template argument.</para>

<para>In summary:</para>
<itemizedlist>
<listitem><para>Choose the geometric primitive you want
(e.g <classname>geom::point&lt;&gt;</classname>);</para></listitem>
<listitem><para>Choose how you want them to be implemented (e.g 
<classname>geom::point_xy&lt;&gt;</classname> or
<classname>geom::point_xyz&lt;&gt;</classname>);</para>
</listitem>
<listitem><para>Some implementation types (such as 
<classname>geom::point_xy&lt;&gt;</classname> and
<classname>geom::point_xyz&lt;&gt;</classname>) are class templates
themselves, they allow you to choose the type of the internal coordinate
attributes.</para>
</listitem>

</itemizedlist>

<para> For example the type 
<classname>geom::point&lt;geom::point_xyz&lt;double&gt; &gt;</classname> represents a 
point implemented as (X,Y,Z) attributes of type <classname>double</classname>.
</para>

<para>Let's consider the following program that illustrates
the above concepts (headers belonging to the standard C++ library have been omitted):
<example><title>Overiew of point usage</title>
<programlisting> 1:#include &lt;boost/static_assert.hpp&gt;
 2:
 3:#include &lt;&dir;geom/point.hpp&gt; // Required for &namespace;geom::point&lt;&gt;
 4:#include &lt;&dir;geom/point_xy.hpp&gt; // For &namespace;geom::point_xy&lt;&gt;
 5:
 6:int main()
 7:{
 8: 	// We will use point_xy&lt;float&gt; as an implementation type for point
 9:	typedef &namespace;geom::point_xy&lt;float&gt; point_xy;
10:	typedef &namespace;geom::point&lt; point_xy &gt; point; // note template argument
11:<![CDATA[
12:	BOOST_STATIC_ASSERT(sizeof(point)<=sizeof(float)*2);
13:
14:	point pt=point_xy(2.4, 4.5); // Note initialization syntax
15:	std::cout<<'('<<pt.x()<<','<<pt.y()<<')'<<std::endl; // Gives (2.4, 4.5)
16:
17:	pt.x()=3.2; // Note write access
18:	std::cout<<'('<<pt.x()<<','<<pt.y()<<')'<<std::endl; // Gives (3.2, 4.5)
19:
20:	std::cout<<pt.rho()<<std::endl; // Gives ~ 5.521
21:	pt.rho()=1; // Normalizing ...
22:	std::cout<<'('<<pt.x()<<','<<pt.y()<<')'<<std::endl; // Gives ~(0.819,0.579)
23:
24:	assert(pt.z()==0);
25:}
]]></programlisting>
</example>
Lines 3 and 4 should give you an idea of the header naming scheme
being applied in &geom;.
</para>
<para> Line 12 is an assertion that the size of
<classname>point&lt;point_xy&lt;float&gt; &gt;></classname> is not greater then the required space to
hold 2 <type>float</type>s, one for the X and the other to
store the Y attribute.</para>
<para>Line 14: Shows you how to initialization a
<classname>point</classname>. As you may have guessed, the two
argument of <function>point_xy::point_xy(float, float)</function> are
(respectively) the X and Y attributes of the point. This, however, doesn't mean
that a <classname>geom::point&lt; point_xy &gt;</classname> can only
be initialized with a
<classname>geom::point_xy&lt;float&gt;</classname>, as the following
chapters will explain, all ``points'' are equivalent and
interchangeable.
</para>
<para>
Line 15 shows a very important aspect of &geom;: ``<emphasis>Property
Access</emphasis>''. Accessing a property <emphasis>prop</emphasis>(e.g
X, Y, Z..), hosted within an object <emphasis>host</emphasis>, is as
easy as <emphasis>host.prop()</emphasis>. In read
<emphasis>and</emphasis> write access, as Line 17 shows. Thus you can think of the
return value of <function>pt.x()</function>, as something that ``stands for''
the X property of <varname>pt</varname>.
</para>
<para> Line 20 and 21, just demonstrate another property of points:
``RHO'' (otherwise known as the magnitude, which is defined to be
equivalent to <function>sqrt(x*x+y*y)</function>).
</para>
<para> Line 24 is also very important: It shows a call to
<function>point::z()</function>. As you can see, even though we
settled for X and Y implementation
(through <classname>geom::point_xy&lt;&gt;></classname>) we do have access to the Z
property. Further, Line 27 <function>assert()</function>s that the Z
property of an X&amp;Y point is always zero. This guarantee is
actaully offered by <classname>geom::point_xy</classname>.
</para>
<para> This example shows nothing but a subset of what you can do with
points. In the next example we'll show a braoder set of features
(which the next chapters will explain in more details):
<example id="strange_example"><title>Advanced point usage</title><programlisting>typedef &namespace;geom::point_xyz&lt;double&gt; xyz;
typedef &namespace;geom::point_yz&lt;double&gt; xy;

using &namespace;geom::point;
<![CDATA[
int main()
{
	const point<xyz> origin(0.0, 0.0, 0.0);
	
	point<xyz> pt=xyz(0.1,0.3,4.0);
	pt=xy(3.5, 2.1); // XY points have a Z of zero, always ..

	assert(pt.z()==0);
	
	point<xyz> pt2=-pt; // operator-() negates attributes

	pt2+=pt; // Displacement/Addition
	
	assert(pt2.x()==0 && pt2.y()==0 && pt2.z());

	pt2+=xy(3, 4.5);
	
	point pt3=pt2-pt*2; // operator*(point, double)

	point<xy> ptxy=pt3; // Extracts only X and Y, Z is always zero
	                   // for ptxy
	pt2=pt3+pt2*3-ptxy; // Mixed implementation computations

	pt.theta()=3.14159; // Phase  angle
	pt.phi()+=3;
	
	point< point< point<xyz> > > heuu; // ????
	heuu.x()=3; // ????
}]]>
</programlisting></example>

Following is an annotated list of the most common <varname>geom::point</varname> features:
</para>

<itemizedlist>
<listitem><para><varname>point::point()</varname>: Default constructor calls
the default constructor of the implementation type to
initialize.</para></listitem>

<listitem><para><varname>point::point(point_impl const&)</varname>: Contructs a point
given an instance of the implementation type 
(given an instance of QPoint if you are using Qt).</para></listitem>

<listitem><para><varname>point_impl&amp; point::impl()</varname>:
<emphasis>Direct</emphasis> access to the internal implementation (this will
return a reference to a QPoint if you are using Qt). This is a zero cost operation.</para></listitem>

<listitem><para><varname>point::x(), point::y(), point::z(), point::rho(),
point::theta(), point::phi()</varname>: ``Transparent access'' to the
individual properties of the point abstraction. The type of these properties
depends on the implementation passed to
<varname>geom::point&lt;&gt;</varname> (see figure <xref linkend="fig_point_prop"/> for an illustration)
</para></listitem>

<listitem><para><varname>point::operator+(Point), point::operator-(Point),
point::operator-()</varname>: Addition substraction, and point ``negation''.
Addition and subtraction take a <varname>geom::point&lt;&gt;</varname> or an
instnace of the implementation type as a parameter, the addition/substraction
applies to the X, Y and Z attributes. The point negation operation simply negates the
X, Y, and Z attributes. Corresponding += and -= operators are also provided.</para></listitem>

<listitem><para><varname>point::operator*(primitive), point::operator/(primitive)</varname>  Multiplication and division by primitives, this
will usually be instances of the type used to store the X, Y and Z attributes (such as int, long, double or QCOORD). Corresponding *= and /= operators
are also provided.
</para></listitem>

<listitem><para><varname>point&lt;point_impli&gt; point_wrap(point_impl&amp;)</varname> This is non-member function in namespace geom::boost. 
Given a point implementation instance (such as an instance of <varname>point_xy</varname> or <varname>QPoint</varname>)
returns that instance ``wrapped'' behind the interface of <varname>geom::point</varname>. You can use the returned reference to access
the implementation type through a <varname>geom::point</varname> reference. This is a zero cost operation.
</para></listitem>

</itemizedlist>

<para> The other main geometric primitive is
the ``<emphasis>box</emphasis>''. Boxes can be defined in many ways. Supposing 3D
conventions we could give the following definition to the
concept of ``box'' :
</para>
<para>Let <varname>xmin</varname>, <varname>xmax</varname>,
<varname>ymin</varname>, <varname>ymax</varname>,
<varname>zmin</varname> and <varname>zmax</varname> be real
numbers. The box defined by them is the set of points
(<varname>x</varname>, <varname>y</varname>, <varname>z</varname>) for
which the following three assertions hold:
	<itemizedlist>
	<listitem><para><varname>xmin</varname>&le;
	<varname>x</varname>&le;
	<varname>xmax</varname></para></listitem>
	
	<listitem><para><varname>ymin</varname>&le;
		<varname>y</varname>&le;
		<varname>ymax</varname></para></listitem>

	<listitem><para><varname>zmin</varname>&le;
		<varname>z</varname>&le;
		<varname>zmax</varname></para></listitem>
	</itemizedlist>
If we are on a 2D plan instead we adopt the same definition but with
<varname>zmin</varname> and <varname>zmax</varname>
fixed to zero.</para>

<note>
<para>
Mathematically oriented readers (and others) may have guessed that a
``box'' in 3D space is actually a ``rectangular
parallelepiped'', while a box on a 2D plan is a
``rectangle''.
</para>
</note>

<para> &geom; defines <classname>geom::box<></classname>(&lt;<filename>&dir;geom/box.hpp</filename>&gt;)
, along with some ready-to-use implementations like
<classname>geom::box_lrtb&lt;&gt;</classname>(&lt;<filename>&dir;geom/box_lrtb.hpp</filename>&gt;).
As we'll see, the story is quite the same with boxes: you have a
wrapper class (<classname>geom::box&lt;&gt;</classname>) to which you must
pass an implementation type (like
<classname>geom::box_lrtb&lt;&gt;</classname>), and which has many
properties you have read and write access to.
The following example shows (some of) what you can do with
<classname>geom::box<></classname>:
<example><title>Overview of box usage</title><programlisting> 1:#include <&dir;geom/point.hpp>     // Seen before, remember ?
 2:#include <&dir;geom/point_xy.hpp>
 3:			
 4:#include <&dir;geom/box.hpp>       // for geom::box<>
 5:#include <&dir;geom/box_lrtb.hpp>  // for geom::box_lrtb<>
 6:
 7:int main()									
 8:{										
 9:	typedef short coord_type;						
10:										
11:	typedef &namespace;geom::point_xy&lt;coord_type&gt; point_impl;				
12:	typedef &namespace;geom::point&lt; point_impl &gt; point;				
13:										
14:	typedef &namespace;geom::box_lrtb&lt;coord_type&gt; box_impl;				
15:	typedef &namespace;geom::box&lt; box_impl &gt; box;					
16:	<![CDATA[									
17:	box bx=box_impl(1, 2, 3, 4); // xmin=1, xmax=2, ymin=3, ymax=4		
18:										
19:	bx.xmin()=box.xmax()-box.ymax(); // box.xmin()=2-4			
20:										
21:	assert(bx.width()==0);							
22:										
23:	bx.width()+=10; // i.e bx.width()=10,					
24:										
25:	bx.corner<geom::x1, geom::y1>()=point_xy(3, 10); // Bottom left		
26:	point top_right=bx.corner<geom::x2, geom::y2>(); // Top right		
27:										
28:	point old_center=bx.center();						
29:	bx.center=top_right+point_impl(2, 4);					
30:										
31:	bx+=point_impl(10, 1); // Displacement					
32:										
33:	box bx2=box_impl(10, 50, 20, 100);					
34:	box bx3=bx2 & bx;							
35:	if(bx3.valid()){							
36:		std::cout<<"bx2 intersects bx !"<<std::endl;			
37:	} else {								
38:		std::cout<<"bx2 and bx have nothing in common"<<std::endl;	
39:	}									
40:} ]]>
</programlisting></example>
</para>
<para>Lines 4 and 5 should confirm your expectations  about the
header naming scheme.</para>
<para> Lines 9 through 15, shows a good way to organize your work with
the libarary: do typedef everything! Because &geom; is
independent from the type used to store coordinates, and offers many
implementations for the same abstraction, ``typedefing''  allows you
to change your mind easily. Note that passing
<classname>geom::box_lrtb<></classname>, to
<classname>geom::box<></classname> gives you a 2D box (that is, a
rectangle), thus in the rest of the discussion we'll consider only the
2D case. But bear in mind, as you read on, that 3D is just a
generalization of 2D, and thus 2D concepts discussed here stay valid
(under some definition of ``valid'') in 3D.
</para>
<para> Lines 17--23 should be crystal clear. Thier sole purpose is to
demonstrate that accessing box properties is not different from
accessing point ones. Also, they give you an idea of the actual
(fundamental) properties available for boxes.</para>
<para>Lines 25 and 26 are more interesting. Boxes have corners (8 in
3D, and 4 in 2D), which themselves are points, and thus can be
manipualted as such !  <classname>geom::box<></classname> have a
special (template) memeber to access its corners:
<function>geom::box::corner<>()</function>. Inorder to specify the
actual corner you want (among the 8 available) you pass
<function>geom::box::corner<>()</function> a ``corner specifier''
. which is formed of two or three symbolic constants, passed as
non-type template arguments. Modifiying one of the
corners of a box means modifying its fundamental properties  so
that the specified corner gets the specified X and Y
attributes. Actually, this is only part of the truth: you can access
box's corners in two ways: ``move access'' and ``stretch access''.
</para>
<para> Lines 28 and 29 show another property of boxes: Their
center. As you may have guessed the ``center'' of a box is nothing but
a point that you can manipulate as a point. Modifying the center of a
box, means ``moving'' the  box so that its center is where you want
it.
</para>
<para>
Line 31 shows that boxes can be moved (displaced) by a factor
specified in  a point.
</para>
<para> Lines 33 and 34 indroduce another operations:
``Intersection''. The intersection of two boxes,
<varname>box1</varname> and <varname>box2</varname>, is definded to be
the <emphasis>biggest</emphasis> box <varname>box3</varname> that is (completely) contained
within <varname>box1</varname>, and (completely) contained within
<varname>box2</varname>. An overload of
<function>operator&()</function> makes that easy. However if
<varname>box1</varname> and <varname>box2</varname> do not intersect
(that is, they have no point in common) then the intersection is
defined to be an ``invalid box'' (where an invalid box, is a box that
contains no point). Lines 35, tests for the validity of the
intersection using (as expected) the <function>valid()</function>
member.
</para>

<para>Follwing is an annotated list of the most common <classname>geom::box</classname> features:</para>
<itemizedlist>
<listitem><para><function>box::box()</function> Default constructor calls the
defautl constructor of the implementation type to initialize.</para></listitem>
<listitem><para><function>box::box(box_impl&)</function> Initialize given an
instance of the implementation type (wxRect if you are using
WxWdigets).</para></listitem>
<listitem><para><varname>box_impl&amp; box::impl()</varname>:
<emphasis>Direct</emphasis> access to the internal implementation (this will
return a reference to a wxRect if you are using WxWidgets). This is a zero cost operation.</para></listitem>

<listitem><para><function>box::xmin(), box::xmax(), box::ymin(), box::ymax(), box::zmin(), box::zmax()</function>
These define the borders of the box. Changing these properties will make the box
stretch and compress. See <xref linkend="fig_box_prop"/> for an illustration of
the box properties.  
</para></listitem>

<listitem><para><function>box::x1(), box::x2(), box::y1(), box::y2(), box::z1(), box::z2()</function>
Have the same values as the above group but changing these ones will make the box ``move'' around without changing its size.
</para></listitem>

<listitem><para><function>box::width(), box::height(), box::depth()</function> Access to the size of the box along the tree axis.
</para></listitem>
<listitem><para><function>box box::operator+(point const&), box box::operator-(point const&)</function> Displacement given a point. Corresponding operators += and -= are provided.</para></listitem>
<listitem><para><function>box box::operator&(box const&), box box::operator|(box const&)</function> 
Intersection and union operators. Corresponding operators &= and |= are also provided.</para></listitem>
<listitem><para><function>point& box::center()</function> Transparent access to the center. You can use this
property to position the center of the box</para></listitem>
<listitem><para><function> point& box::corner&lt;X,Y,Z&gt;()</function> Transparent
access to each corner of the box, where:
	<itemizedlist>
	<listitem><para>X can be <varname>geom::x1</varname>, <varname>geom::x2</varname>, <varname>geom::xmin</varname> or <varname>geom::xmax</varname></para></listitem>
	<listitem><para>Y can be <varname>geom::y1</varname>, <varname>geom::y2</varname>, <varname>geom::ymin</varname> or <varname>geom::ymax</varname></para></listitem>
	<listitem><para>Z can be <varname>geom::z1</varname>, <varname>geom::z2</varname>, <varname>geom::zmin</varname> or <varname>geom::zmax</varname></para></listitem>
	</itemizedlist>
For example <function>box::corner&lt;geom::xmin,geom::ymin,geom::zmin&gt;()</function> is the corner whose X, Y and Z attributes are the lowest.  <function>box::corner&lt;xmin,ymin,zmin&gt;()</function> is the same corner, but modifying it will move the box around instead of stretching the box.

</para></listitem>
</itemizedlist>


</section> <!--- Warming up -->
<section><title>Summary</title>
<para>
I hope you have enyoyed this little ``kick start'' and that you now
have a good overview of what working with the library can look
like. Don't be caught up in the details however, it is not the purpose of
this chapter to give you exact information about everything. Rather,
you should have understood that working with &geom; boils down to this:
<itemizedlist>
<listitem><para> Choosing among the available abstractions the one(s) that suit(s) your
need(s).</para></listitem>
<listitem><para> For each abstraction, you must choose an
implementation among the available ones (or write new ones).</para>
</listitem>
<listitem><para> Know the avaiable properties of each
abstraction. Know what they mean, and what modifying them mean.</para>
</listitem>
</itemizedlist>
</para>
</section>
</chapter>
