<?xml version="1.0" ?>

<chapter id="other_libs">
<title id="other_libs.title">Support For Other Libraries</title>
<para>
This chapter describes &geom;'s support for <emphasis>other</emphasis> geometric libraries.
</para>

<para> ``Supporting'' some library's geometric primitives just means being able to use them as implementation
types for &geom;'s own wrapper classes. In order to do this, the traits class of the abstraction has to
be specialized for the new implementation types. For every possible implementation type there is a
header file containing the corresponding traits specialization.
</para>

<section><title>The C++ Standard Library</title>

<table frame="all"><title>Support for the C++ standard library</title>
<tgroup cols="4" colsep="0" rowsep="4">
<thead>
<row>
  <entry>Type</entry>
  <entry>Abstraction&amp;Representation</entry>
  <entry>Header</entry>
  <entry>Notes</entry>
</row>
</thead>
<tbody>
<row>
  <entry align="center"><classname>std::complex&lt;T&gt;</classname></entry>
  <entry align="center"><emphasis>Point (represented as {<emphasis>X</emphasis>, <emphasis>Y</emphasis>})</emphasis></entry>
  <entry>&lt;<filename>&dir;geom/std_complex.hpp</filename>&gt;</entry>
  <entry>
  <itemizedlist><listitem><para>All properties are of the same type <type>T</type>. </para></listitem></itemizedlist>
  </entry>
</row>
</tbody>
</tgroup>
</table>
</section>

<section><title>SDL (Simple DirectMedie Layer)</title>
<para> SDL is a cross-platform API designed to write games. (see http://www.libsdl.org)
</para>

<table frame="all"><title>Support for SDL</title>
<tgroup cols="4" colsep="0" rowsep="4">
<thead>
<row>
  <entry>Type</entry>
  <entry>Abstraction&amp;Representation</entry>
  <entry>Header</entry>
  <entry>Notes</entry>
</row>
</thead>
<tbody>
<row>
  <entry align="center"><classname>SDL_Rect</classname></entry>
  <entry align="center"><emphasis>Box (represented as {<emphasis>X1</emphasis>,<emphasis>Y1</emphasis>,
  <emphasis>Width</emphasis>, <emphasis>Height</emphasis>})</emphasis></entry>
  <entry>&lt;<filename>&dir;geom/sdl/rect.hpp</filename>&gt;</entry>
  <entry>
  <itemizedlist><listitem><para>Even though SDL_Rect stores its width and height as unsigned values, the provided implmentation
  of <classname>box_traits</classname> will manipulate them as signed values. That is, if you create an SDL_Rect with some great
  width, <classname>box_traits&lt;SDL_Rect&gt;</classname> will see that as a negative width and thus an invalid box. This is
  necessary for performance issues.
   </para></listitem></itemizedlist>
  </entry>
</row>
</tbody>
</tgroup>
</table>
</section>

<section><title>Qt</title>

<table frame="all"><title>Support for Qt</title>
<tgroup cols="4" colsep="0" rowsep="4">
<thead>
<row>
  <entry>Type</entry>
  <entry>Abstraction&amp;Representation</entry>
  <entry>Header</entry>
  <entry>Notes</entry>
</row>
</thead>
<tbody>
<row>
  <entry align="center"><classname>QPoint</classname></entry>
  <entry align="center"><emphasis>Point (represented as {<emphasis>X1</emphasis>,<emphasis>Y1</emphasis>)</emphasis></entry>
  <entry>&lt;<filename>&dir;geom/qt/point.hpp</filename>&gt;</entry>
  <entry>
  <itemizedlist>
  <listitem><para>
  <emphasis>X</emphasis>, <emphasis>Y</emphasis> and <emphasis>Z</emphasis> are of type <type>QCOORD</type>.
   </para></listitem>
   <listitem><para>
  <emphasis>RHO</emphasis>, <emphasis>PHI</emphasis> and <emphasis>THETA</emphasis> are of type <type>double</type>.
   </para></listitem>
   </itemizedlist>
  </entry>
</row>

<row>
  <entry align="center"><classname>QRect</classname></entry>
  <entry align="center"><emphasis>Box (represented as {<emphasis>Xmin</emphasis>, <emphasis>Xmax</emphasis>,
  <emphasis>Ymin</emphasis>, <emphasis>Ymax</emphasis>})</emphasis></entry>
  <entry>&lt;<filename>&dir;geom/qt/rect.hpp</filename>&gt;</entry>
  <entry>
  <itemizedlist><listitem><para>All properties are of type <type>QCOORD</type></para></listitem></itemizedlist>
  </entry>
</row>
</tbody>
</tgroup>
</table>
</section>


<section><title>Xlib</title>

<table frame="all"><title>Support for Xlib</title>
<tgroup cols="4" colsep="0" rowsep="4">
<thead>
<row>
  <entry>Type</entry>
  <entry>Abstraction&amp;Representation</entry>
  <entry>Header</entry>
  <entry>Notes</entry>
</row>
</thead>
<tbody>
<row>
  <entry align="center"><classname>XPoint</classname></entry>
  <entry align="center"><emphasis>Point (represented as {<emphasis>X1</emphasis>,<emphasis>Y1</emphasis>)</emphasis></entry>
  <entry>&lt;<filename>&dir;geom/x/point.hpp</filename>&gt;</entry>
  <entry>
  <itemizedlist>
  <listitem><para>
  <emphasis>X</emphasis>, <emphasis>Y</emphasis> and <emphasis>Z</emphasis> are of type <type>short</type>.
   </para></listitem>
   <listitem><para>
  <emphasis>RHO</emphasis>, <emphasis>PHI</emphasis> and <emphasis>THETA</emphasis> are of type <type>double</type>.
   </para></listitem>
   </itemizedlist>
  </entry>
</row>

<row>
  <entry align="center"><classname>XRectangle</classname></entry>
  <entry align="center"><emphasis>Box (represented as {<emphasis>X1</emphasis>, <emphasis>Y1</emphasis>,
  <emphasis>Width</emphasis>, <emphasis>Height</emphasis>})</emphasis></entry>
  <entry>&lt;<filename>&dir;geom/x/rectangle.hpp</filename>&gt;</entry>
  <entry>
  <itemizedlist><listitem><para>Even though XRect stores its width and height as unsigned values, the provided implmentation
  of <classname>box_traits</classname> will manipulate them as signed values. That is, if you create an XRect with some great
  width, <classname>box_traits&lt;XRect&gt;</classname> will see that as a negative width and thus an invalid box. This is
  necessary for performance issues.
   </para></listitem></itemizedlist>
  </entry>
</row>
</tbody>
</tgroup>
</table>
</section>


<section><title>Windows' GDI</title>

<table frame="all"><title>Support for GDI</title>
<tgroup cols="4" colsep="0" rowsep="4">
<thead>
<row>
  <entry>Type</entry>
  <entry>Abstraction&amp;Representation</entry>
  <entry>Header</entry>
  <entry>Notes</entry>
</row>
</thead>
<tbody>
<row>
  <entry align="center"><classname>POINT</classname></entry>
  <entry align="center"><emphasis>Point (represented as {<emphasis>X1</emphasis>,<emphasis>Y1</emphasis>)</emphasis></entry>
  <entry>&lt;<filename>&dir;geom/gdi/point.hpp</filename>&gt;</entry>
  <entry>
  <itemizedlist>
  <listitem><para>
  <emphasis>X</emphasis>, <emphasis>Y</emphasis> and <emphasis>Z</emphasis> are of type <type>LONG</type>.
   </para></listitem>
   <listitem><para>
  <emphasis>RHO</emphasis>, <emphasis>PHI</emphasis> and <emphasis>THETA</emphasis> are of type <type>double</type>.
   </para></listitem>
   </itemizedlist>
  </entry>
</row>

<row>
  <entry align="center"><classname>RECT</classname></entry>
  <entry align="center"><emphasis>Box (represented as {<emphasis>Xmin</emphasis>, <emphasis>Xmax</emphasis>,
  <emphasis>Ymin</emphasis>, <emphasis>Ymax</emphasis>})</emphasis></entry>
  <entry>&lt;<filename>&dir;geom/gdi/rect.hpp</filename>&gt;</entry>
  <entry>
  <itemizedlist><listitem><para>All properties are of type <type>LONG</type></para></listitem></itemizedlist>  
  </entry>
</row>
</tbody>
</tgroup>
</table>
</section>

</chapter>
