<?xml version="1.0" ?>

<preface id="preface"> <title id="preface.title"> Preface </title>
<para>
For the past few years (we are in 2005 at the date of writing this preface) I have
been interested in ``graphical programming'' (in the broad sens of the
term: from GUIs to game programming APIs, in 2D and 3D). And after having acquired some
experience with the subject, it became clear that most (should we say,
<emphasis>all</emphasis>) ``graphical libraries'' needed to represent
and manipulate ``geometric primitives'', such as points and
rectangles.
</para>
<para>
The problem was that everyone was reinventing the wheel
(over and over) forcing me to learn a new way/interface to geometric
primitives each time I moved to another graphical library. The problem
became even clearer when I decided to write a library 
that was supposed to be independent of the underlying
graphical API being used. The fact that my library <emphasis>also</emphasis> needed to
represent points and rectangles led me to the following dilemma, I could  :</para>
<itemizedlist>
<listitem>
<para> Forget about being independent of the graphical
subsystem, just choose one, and use <emphasis>its geometric
facilities</emphasis> in my own libraries. This would allow me to pass geometric
data back and forth between my code and the graphical library efficiently. </para>
</listitem>
<listitem>
<para> Create <emphasis>my own geometric library</emphasis>
and convert the data to something that the underlying subsystem
understands. And convert the geometric data that is sent to me, to
something my code can work with.</para>
</listitem>
</itemizedlist>

<para> I actually chose the second approach, work with it a bit, before I
realized that both were unacceptable. Choosing the first approach is
forgetting about portability, while choosing the second is kissing
efficiency goodbye. I didn't want to choose between portability and
efficiency, I wanted both! So, I decided to write a library that provides the best of
the two approaches. That was the begining of &geom;...</para>
</preface>
