<?xml version="1.0"?>
<chapter id="rational"><title id="rational.title">Rational</title>

<para>
This section serve as a motivation for the library.
</para>

<section>
<title>The Problem</title>

<para>Let's suppose you need to manipulate points and rectangles in your
application. For illustrative purposes, suppose you need to keep track of the
current positions and sizes of ``objects'' (bikes, trees, cars,.. etc) on the
screen.</para>


<para>As soon as we speak about any sort of GUI, it implies that your program will be
relying on the services of some other lower level library to implement
graphical output (e.g OpenGL for 3D, SDL for 2D, Gtk,... etc). </para>


<para>The graphical library will be very likely to have its own ``points &
rectangles'', let's suppose you are working with a hypothetical library TG_lib
(``trendy graphics'') offering the following API:</para>

<programlisting><![CDATA[typedef <something_akin_to_int_or_long> TG_COORD;

struct TG_POINT { 
	TG_COORD x, y;
};

struct TG_RECT { TG_COORD xmin, xmax, ymin, ymax; };

// fill a rectangle of some color on the screen
void tg_draw_rect(TG_RECT* re, TG_COLOR color);

// Draw an image at the specified position on the screen
void tg_draw_image(TG_IMAGE* im, TG_POINT position);

// Updates an area of the screen to reflect changes
void tg_update(TG_RECT*);
]]>
</programlisting>

<para> That's for the library's code. That you can't change. Now what does <emphasis>your
code</emphasis> looks like? Obviously you will have some kind of ``object'' class
representing the abstract base class of all the objects (cars, trees, etc) that
are on the screen: </para>

<programlisting><![CDATA[ 
class object
{
	public:
		// Returns the current position and size of the object
		TG_RECT const& position() const { return m_position; }

		// Moves the object to new location
		void move(TG_POINT const& pt)
		{
			TG_COORD const disp_factor_x=pt.x-m_position.xmin;
			TG_COORD const disp_factor_y=pt.y-m_position.ymin;

			m_position.xmin+=disp_factor_x;
			m_position.xmax+=disp_factor_x;

			m_position.ymin+=disp_factor_y;			
			m_position.ymax+=disp_factor_y;			
		}

		// Draws the object on the screen
		virtual void draw() const { 
			tg_draw_rect(&m_position, 0xffffff); // draws a white rect by default
			tg_update(&m_position);
		}

	private:
	TG_RECT m_position;
};
]]></programlisting>

<para>When using a lower level graphical library you quickly find yourself wanting to manipulate
points and rectangles <emphasis>in your code </emphasis>
(e.g object needs to keep track of its
location and size in the form of a rectangle implemented in the member
<varname>m_position</varname>). Now you are faced with a dilemma: You could choose the above
solution, which is to use the underlying library's abstractions (<classname>TG_COORD</classname>,
<classname>TG_RECT</classname>,..etc) directly in your code, but it has the following drawbacks:</para>

<itemizedlist>
<listitem><para>Your code become tied to the graphical library (forever).</para></listitem>
<listitem><para>You have to learn a new ``points and rectangles'' interface for each
low lever graphical library. When you need to work with a hypothetical NGG_lib
(``new generation graphics'') it is likely that <classname>NGG::Point</classname> interface will have
nothing to do with <classname>TG_POINT</classname>. For example, <classname>NGG::Point</classname> might be an encapsulated
C++ class with overloaded operators: you no longer have direct access to X and
Y, now you must use <function>NGG::Point::set_x()</function>, <function>NGG::Point::get_x()</function> .. etc. Same thing
for <classname>NGG::Rectangle</classname> which might now have members such as
<function>NGG::Rectangle::set_width()</function>, <function>NGG::Rectangle::get_width()</function> and
<function>NGG::Rectangle::operator+=(NGG::Point const&amp;)</function>.
</para></listitem>

<listitem><para>
The actual points and rectangle classes implemented in low lever graphical
libraries aren't that good to work with. Many (like <classname>TG_POINT</classname> and <classname>TG_RECT</classname>) are
too simplistic and don't offer many of the features a full-fledged C++ class
could offer. Even classes like <classname>NGG::Point</classname>, and <classname>NGG::Rectangle</classname> might impose
tedious interfaces consisting of long method names prefixed with set_ and get_,
etc. 
</para></listitem>
</itemizedlist>


<para>The other approach, is (obviously) not to use the graphical library's
points and rectangles, but to reinvent the wheel and roll out your own:</para>

<programlisting><![CDATA[class my_point 
{
	public:
	point(int x, int y); // Note usage of int 

	int const& x() const { return m_x; }
	int const& y() const { return m_y; }

	int set_x(int x) { m_x=x; }
	int set_y(int y) { m_y=y; }

	// ... etc etc
};

class my_rect { ... etc};
]]> </programlisting>


<para>Since you are writing your own interfaces you can work them to be as
simple (<classname>TG_POINT</classname> style) or as sophisticated as you want. 
But still, there are some drawbacks to this approach:</para>

<itemizedlist>
<listitem><para>I don't know about you, but I don't like reinventing the wheel;</para></listitem>
<listitem><para>Now whenever you need to call some API function (like
<function>tg_update(TG_RECT*)</function>) you will have to convert between your <classname>my_rect</classname>/<classname>my_point</classname> and
the <classname>TG_POINT</classname>/<classname>TG_RECT</classname> the library uses. The implementation of <function>object::draw()</function>
becomes:</para></listitem>
</itemizedlist>

<programlisting><![CDATA[void object::draw() const
{
 	// m_position is now a my_rect, no longer a TG_RECT

	// convert m_position into something we can pass to tg_update() and tg_draw_rect
	TG_RECT tmp_rect;
	re.xmin=m_position.x();
	re.ymin=m_position.y();
	re.xmax=m_position.x()+m_position.width()-1;
	re.ymax=m_position.y()+m_position.height()-1;

	// finally call the API
	tg_draw_rect(&tmp_rect, 0xffffff);
	tg_update(&tmp_rect);
}]]></programlisting>

<para>You might have to this kind of conversions back and forth if the library
returns geometrical data as output.</para>

<para> This might not seem like a big deal, but imagine that the draw() function will
get called 60 times per second for the whole duration of the program execution
and for every single object you keep track of, in addition, there are many
other things you need to handle in each one of those 1/60 of a second, e.g
collision detection, AI, user input, gravity,... etc.... Wasting time
converting large amounts of objects between different representations of
geometrical primitives 60 times per second might rapidly become overkill. </para>


<para>In summary, you could either use the underlying library's abstractions in your
own code, and lose portability. Or you could reinvent the wheel and loose
efficiency. </para>

</section>

<section>
<title>The Approach: Pretty, zero-overhead interface around existing classes</title>
<para>
The idea of &geom; is that you should be able to easily wrap the underlying API
abstractions inside a unified interface. </para>


<para>In fact, you could define the main purpose of the library as to
<emphasis>provide a pretty, zero-overhead interface over exisiting
implementations of geometric primitives.</emphasis></para>

<para>Here is how it works:</para>

<programlisting><![CDATA[// Make geom::point aware of how to use TG primitives
// This can be done once and for all for each library you intend to work with. 
#include <geom_template_specializations_for_TG.hpp>

typedef geom::point<TG_POINT> point; // <<< See here <<<
typedef geom::box<TG_RECT> rect; // <<< See here <<<

class object 
{
	public:
	void move_to(point& const p)
	{
		// Use geom::point interface
		m_position.x1()=p.x();
		m_position.y1()=p.y();
	}

	private:
	rect m_position;

} ;
]]></programlisting>

<para>&geom; provides <emphasis>wrapper classes</emphasis>
(such as <classname>geom::point</classname> and <classname>geom::box</classname>) 
into which you ``plug'' <emphasis>implementation types</emphasis> (such as 
<classname>TG_POINT</classname>) -- after the proper template specializations have
been provided (&geom; comes with the necessary declaration to support some real world
libraries like SDL and Qt). Wrapper classes use their template argument for their 
``internal implementation''. 
</para>

<para>Since you have wrapped <classname>TG_POINT</classname>/<classname>TG_RECT</classname>
inside <classname>geom::point</classname>/<classname>geom::box</classname>, now you
only have to deal with <classname>geom::point&lt;&gt;</classname> 
and <classname>geom::box&lt;&gt;</classname>. 
Even when you decide to change to NGG_lib API you would still
be working with <classname>geom::point</classname> and
<classname>geom::box</classname> interfaces, and you won't have to
rewrite <function>object::move_to()</function>.</para>

<para>In fact, not only are you left with just one
interface to points and rectangles, you are left with a pretty nice one:</para>

<programlisting>
<![CDATA[geom::point< whatever > pt;

pt.x()=pt.y()+1; // Uniform access to all properties

pt.rho()=1; // Normalize
pt.theta()=0; // Access to phase angle as easy as X and Y

std::cout<<pt.rho()<<pt.theta()<<pt.x()<<std::endl;

// etc etc..

geom::box< whatever > rect1, rect2;

rect.xmin()+=12; // Stretches the rectangle 

rect.x1()+=12; // Moves the rectangle (the size doesn't change)

rect1 & rect2; // Calculates the intersection of two rectangles

rect | rect2 ; // Calculates the union of two rectangles

rect.center()=pt; // Moves the ``center'' of rect to the position pt
]]></programlisting>

<para>Until now all we have shown is some fancy version of the second solution to the
dilemma presented above. I.e this looks like yet another (yet nice) interface
to points and rectangles. Now, here is the big difference: When the time comes
to call the underlying API, <emphasis>you no longer need to convert anything</emphasis>:</para>

<programlisting><![CDATA[
geom::box<TG_RECT> rect;

tg_update(&(rect.impl()));
]]></programlisting>

<para>As you can see, even though <classname>geom::box</classname> looks like yet another interface for
rectangles, <classname>geom::box&lt;TG_RECT&gt;</classname> actually uses an instance of <classname>TG_RECT</classname> internally
to keep data. And you can access that instance by calling <function>geom::box&lt;&gt;::impl()</function>,
which is a zero cost operation.</para>


<para>The template parameter of <classname>geom::point&lt;&gt;</classname> (and <classname>geom::box&lt;&gt;</classname>) 
specifies how the data should be stored internally (e.g as X and Y of type <classname>TG_COORD</classname>) and also how
the individual operations should be implemented. This permits to take advantage
of any special operation available only to certain implementation types. For
example, if you have a special function to compare <classname>TG_POINT</classname>s fast,
<function>geom::point&lt;TG_POINT&gt;::operator==()</function> will use it. </para>

<para>This is how you get both of the two worlds, a fancy interface into which you
can plug other libraries' implementations. The result is as portable and as
convenient to use as rolling your own points and rectangles (the actual
implementation library is mentioned in only one place in the code), and as
efficient as using the underlying API directly, because at any time you can
call the <function>impl()</function> member and gain access to the internal implementation type (e.g
<classname>TG_POINT</classname>) (and there is also a (zero cost) way to convert from the underlying library's objets back to &geom; objects).</para>

</section>

<section>
<title>That and beyond</title>
<para>
That was the original rational for Boost.Geom, providing a zero cost, pretty
interface, over existing geometric primitive implementations.
</para>

<para>
In addition, Boost.Geom comes with implementation types <emphasis>of its own</emphasis>. I.e it
provides you with <emphasis>the interfaces</emphasis> 
<classname>geom::point&lt;&gt;</classname>/<classname>geom::box&lt;&gt;</classname> as well as some
<emphasis>ready-to-use implementations</emphasis> to be plugged in them. For example,
<classname>geom::point_xy&lt;&gt;</classname> is an implementation type representing a point implemented as
an X and Y attributes of a template-specified type. We could also have
<classname>geom::point_rt&lt;&gt;</classname> which would a point storing its magnitude and phase angle. And
you can switch between XY representation and magnitude/phase-angle, as easily
as you switch between a TG_lib implementation and a NGG_lib implementation;
</para>

<programlisting><![CDATA[geom::point< geom::point_xy<long> > p1; // A point represented as an X and Y of type long
geom::point< geom::point_rt<double> > p2; // A point represented as magnitude and phase angle of type double
]]></programlisting>

<para>The variables p1 and p2 are both <classname>geom::point&lt;&gt;</classname> (just like
<classname>geom::point&lt;TG_POINT&gt;</classname>) they have the same interface and are used the same way.
You can even mix them in the same expressions:
</para>

<programlisting><![CDATA[if(p1!=p2) { ... } // Compare p1 and p2
]]></programlisting>

<para>In fact, if you later decide that you should use an XY representation for p2 and a magnitude/phase representation for p1, 
you could easily do that by changing the template argument to <classname>geom::point&lt;&gt;</classname>. 
</para>

</section>
</chapter>
